-- phpMyAdmin SQL Dump
-- version 3.4.11.1deb2
-- http://www.phpmyadmin.net
--
-- Client: localhost
-- Généré le: Lun 07 Décembre 2015 à 10:52
-- Version du serveur: 1.0.4
-- Version de PHP: 5.4.4-14+deb7u4

SET SQL_MODE="NO_AUTO_VALUE_ON_ZERO";
SET time_zone = "+00:00";


/*!40101 SET @OLD_CHARACTER_SET_CLIENT=@@CHARACTER_SET_CLIENT */;
/*!40101 SET @OLD_CHARACTER_SET_RESULTS=@@CHARACTER_SET_RESULTS */;
/*!40101 SET @OLD_COLLATION_CONNECTION=@@COLLATION_CONNECTION */;
/*!40101 SET NAMES utf8 */;

--
-- Base de données: `prevarisc`
--

-- --------------------------------------------------------

--
-- Structure de la table `prescriptionarticle`
--

CREATE TABLE IF NOT EXISTS `prescriptionarticle` (
  `ID_PRESCRIPTIONARTICLE` bigint(20) NOT NULL AUTO_INCREMENT,
  `LIBELLE_PRESCRIPTIONARTICLE` varchar(255) DEFAULT NULL,
  `NUM_PRESCRIPTIONARTICLE` int(11) DEFAULT NULL,
  `ID_PRESCRIPTIONTEXTE` bigint(20) NOT NULL,
  PRIMARY KEY (`ID_PRESCRIPTIONARTICLE`),
  KEY `fk_prescriptionarticle_prescriptiontexte1_idx` (`ID_PRESCRIPTIONTEXTE`)
) ENGINE=InnoDB  DEFAULT CHARSET=utf8 AUTO_INCREMENT=85 ;

--
-- Contenu de la table `prescriptionarticle`
--

INSERT INTO `prescriptionarticle` (`ID_PRESCRIPTIONARTICLE`, `LIBELLE_PRESCRIPTIONARTICLE`, `NUM_PRESCRIPTIONARTICLE`, `ID_PRESCRIPTIONTEXTE`) VALUES
(1, 'dossier de sécurité et respect des règles de sécurité - R 123-22', 2, 1),
(5, 'documents nécessaires avant ouverture', 1, 19),
(6, 'responsabilité des constructeurs, propriétaires et exploitants - R123-3', 0, 1),
(7, 'Direction unique - R123-21', 1, 1),
(8, 'Entretien des installations - R123-43', 3, 1),
(9, 'Registre de sécurité - R123-51', 6, 1),
(10, 'Passage de la commission - R 123-45', 4, 1),
(11, 'Classement de comportement au feu des matériaux et éléments de construction - GN 12', 1, 14),
(12, 'Travaux dangereux - GN 13', 2, 14),
(13, 'GE - Dossier de sécurité', 0, 15),
(14, 'GE 5 - Avis relatif au contrôle de la sécurité', 1, 15),
(16, 'Dossier d''autorisation de travaux L 111-8', 7, 1),
(17, 'Echéancier de travaux - R 123-48', 5, 1),
(18, 'Conformité des appareils aux normes - GN 14', 3, 14),
(19, 'voies engins - CO 2', 3, 15),
(20, 'voies échelle - CO 2', 4, 15),
(21, 'Recoupement des circulations - CO 24', 6, 15),
(22, 'Recoupement des combles - CO 26', 7, 15),
(23, 'Isolement local risques importants - CO 28', 8, 15),
(24, 'Isolement local risques moyens - CO 28', 9, 15),
(25, 'Isolement logements de fonction - CO 29', 10, 15),
(26, 'Marches isolées - CO 35', 11, 15),
(27, 'Dégagements libres - CO 37', 12, 15),
(28, 'Local limité à 19 pers - CO 38', 13, 15),
(29, 'Balisage des cheminements - CO 42', 14, 15),
(30, 'Bloc porte 2 vantaux - CO 44', 15, 15),
(31, 'Réglage ferme porte - CO 44', 16, 15),
(32, 'Ouverture porte dans le sens de la sortie - CO 45', 17, 15),
(33, 'Inverser le sens ouverture porte - CO 45', 18, 15),
(34, 'Déverrouillage des IS en présence du public - CO 46', 19, 15),
(35, 'Asservissement portes résistant au feu - CO 47', 20, 15),
(36, 'Marquage des vitrages - CO 48', 21, 15),
(37, 'Main courante escalier - CO 51', 22, 15),
(38, 'Local donnant dans volume cage d''escalier - CO 53', 23, 15),
(39, 'Désenfumage escalier - CO 53', 24, 15),
(40, 'Structures des bâtiments - CO 7', 5, 15),
(41, 'Eclairage d’évacuation - EC 8', 25, 15),
(42, 'Eclairage d''ambiance - EC 8', 26, 15),
(43, 'Chauffage mobile - EL 10/CH 44', 27, 15),
(44, 'Fiches multiples - EL 11', 28, 15),
(45, 'Coupure d’urgence installation élec - EL 11', 29, 15),
(46, 'Entretien BAES - EL 18', 30, 15),
(47, 'Moyens de secours dans local électrique - EL 5', 31, 15),
(48, 'BAPI et éclairage local électrique - EL 5', 32, 15),
(49, 'Ventilation des GC isolées - GC 10', 33, 15),
(50, 'Ventilation des GC ouvertes - GC 11', 34, 15),
(51, 'Arrêt urgence électrique des GC - GC 4', 35, 15),
(52, 'Arrêt urgence gaz des GC - GC 4', 36, 15),
(53, 'Consignes pour arrêt urgence cuisine - GC 4', 37, 15),
(54, 'Coupure gaz bâtiment - GZ 14', 38, 15),
(55, 'Jet de lance de RIA - MS 15', 39, 15),
(56, 'Limiter hauteur de stockage sprinkler - MS 25', 40, 15),
(57, 'Couverture cellule par sprinkler - MS 25', 41, 15),
(58, 'Répartir les extincteurs - MS 39', 42, 15),
(59, 'Consignes de sécurité - MS 47', 43, 15),
(60, 'Formation du personnel - MS 48 et 51', 44, 15),
(61, 'Poste de sécurité - MS 50', 45, 15),
(62, 'Présence du chef de l''établissement - MS 52', 46, 15),
(63, 'Etendre la DAI de la cellule - MS 56', 47, 15),
(64, 'Personnel présent SSI - MS 57', 48, 15),
(65, 'Contrat entretien SSI - MS 58', 49, 15),
(66, 'Maintien du SSI - MS 58', 50, 15),
(67, 'Formation du personnel au SSI - MS 69', 51, 15),
(68, 'vérif techniques avec locaux à sommeil - PE 4', 1, 17),
(69, 'Vérif techniques sans locaux à sommeil - PE 4', 2, 17),
(70, 'Isolement par rapport au tiers - PE 6', 3, 17),
(71, 'Isolement gaines et conduits - PE 12', 4, 17),
(72, 'installations électriques - PE 24', 5, 17),
(73, 'Eclairage des locaux - PE 24', 6, 17),
(74, 'bon fonctionnement éclairage - PE 24', 7, 17),
(75, 'Moyens de secours extincteurs - PE 26', 8, 17),
(76, 'Système d''alarme - PE 27', 9, 17),
(77, 'Moyen d''alerte - PE 27', 10, 17),
(78, 'Consignes et plans - PE 27', 11, 17),
(79, 'Formation du personnel - PE 27', 12, 17),
(80, 'Registre de sécurité - PE 33', 13, 17),
(81, 'Évacuation des personnes présentant des difficultés - GN 8', 0, 14),
(82, 'Réception SSI', 52, 15),
(83, 'Cellule non exploitée L 111-8', 8, 1),
(84, 'Plan d''ERP', 53, 15);

-- --------------------------------------------------------

--
-- Structure de la table `prescriptionarticleliste`
--

CREATE TABLE IF NOT EXISTS `prescriptionarticleliste` (
  `ID_ARTICLE` bigint(20) NOT NULL AUTO_INCREMENT,
  `LIBELLE_ARTICLE` varchar(255) NOT NULL,
  `VISIBLE_ARTICLE` tinyint(1) DEFAULT '1',
  PRIMARY KEY (`ID_ARTICLE`)
) ENGINE=InnoDB  DEFAULT CHARSET=utf8 AUTO_INCREMENT=1987 ;

--
-- Contenu de la table `prescriptionarticleliste`
--

INSERT INTO `prescriptionarticleliste` (`ID_ARTICLE`, `LIBELLE_ARTICLE`, `VISIBLE_ARTICLE`) VALUES
(2, 'R 123-3', 1),
(3, 'R 123-45', 1),
(4, 'R 123-51', 1),
(6, 'R 123-48', 1),
(7, 'M 15', 1),
(8, 'AM 15', 1),
(10, 'M 29', 1),
(12, 'R 123-43', 1),
(13, 'GE 5', 1),
(14, 'MS 51', 1),
(15, 'CO 28', 1),
(17, 'EL 10', 1),
(18, 'L 111-8', 1),
(19, 'IT 246', 1),
(21, 'CO 3', 1),
(22, 'CO 37', 1),
(23, 'MS 25', 1),
(24, 'R 123-7', 1),
(25, 'R 123-21', 1),
(28, 'CO 35', 1),
(29, 'R 123-22', 1),
(30, 'GE 8', 1),
(31, 'GN 13', 1),
(32, 'L 20', 1),
(33, 'GN 14', 1),
(35, 'L 27', 1),
(36, 'MS 41', 1),
(37, 'L 14', 1),
(40, 'MS 39', 1),
(41, 'GE 2', 1),
(42, 'CO 38', 1),
(43, 'CTS 31', 1),
(45, 'CTS 7', 1),
(46, 'T 4', 1),
(47, 'T 6', 1),
(50, 'CO 42', 1),
(55, 'MS 47', 1),
(62, 'U 47', 1),
(64, 'MS 71', 1),
(67, 'MS 72', 1),
(68, 'CO 45', 1),
(69, 'GZ 14', 1),
(72, 'MS 56', 1),
(73, 'GC 10', 1),
(74, 'GC 8', 1),
(75, 'GC 9', 1),
(76, 'GE 7', 1),
(77, 'MS 53', 1),
(78, 'M 1', 1),
(80, 'CH 34', 1),
(83, 'PE 11', 1),
(84, 'PE 27', 1),
(87, 'R 123-13', 1),
(90, 'GE 9', 1),
(92, 'MS 48', 1),
(93, 'MS 68', 1),
(94, 'MS 69', 1),
(98, 'MS 15', 1),
(99, 'MS 17', 1),
(100, 'MS 57', 1),
(101, 'EL 19', 1),
(102, 'GC 19', 1),
(103, 'T 35', 1),
(104, 'T 36', 1),
(109, 'R 123-30', 1),
(110, 'MS 73', 1),
(111, 'M 8', 1),
(112, 'PE 26', 1),
(113, 'GC 4', 1),
(114, 'EC 9', 1),
(115, 'AM 16', 1),
(116, 'L 30', 1),
(117, 'T 5', 1),
(118, 'R 123-44', 1),
(119, 'EL 14', 1),
(120, 'EL 18', 1),
(121, 'T 21', 1),
(122, 'T 22', 1),
(123, 'CTS 10', 1),
(124, 'CTS 11', 1),
(125, 'CTS 33', 1),
(126, 'CTS 52', 1),
(127, 'M 49', 1),
(128, 'GN 12', 1),
(130, 'PE 9', 1),
(131, 'PE 24', 1),
(132, 'M 26', 1),
(133, 'MS 46', 1),
(134, 'W 9', 1),
(135, 'R 10', 1),
(139, 'X 25', 1),
(140, 'GN 8', 1),
(141, 'CTS 5 ', 1),
(143, 'MS 58', 1),
(144, 'N 17', 1),
(146, 'GN 6', 1),
(147, 'M 30', 1),
(148, 'EL 4', 1),
(151, 'CH 44', 1),
(152, 'R 123-52', 1),
(153, 'R 123-19', 1),
(154, 'AS 9', 1),
(155, 'Article 4', 1),
(159, 'MS 55', 1),
(160, 'MS 64', 1),
(161, 'MS 67', 1),
(162, 'M 47', 1),
(163, 'CO 51', 1),
(165, 'EC 13', 1),
(166, 'CO 46', 1),
(167, 'CO 7', 1),
(168, 'PE 32', 1),
(169, 'PE 33', 1),
(170, 'CTS 29', 1),
(171, 'Article 6', 1),
(174, 'T 41', 1),
(175, 'GZ 15', 1),
(176, 'N 7', 1),
(177, 'T 48', 1),
(178, 'U 21', 1),
(179, 'U 44', 1),
(180, 'CO 27', 1),
(181, 'U 48', 1),
(184, 'U 53', 1),
(187, 'M 10', 1),
(188, 'EL 5', 1),
(189, 'EL 8', 1),
(190, 'GN 11', 1),
(191, 'GE 10', 1),
(193, 'MS 52', 1),
(195, 'EC 15', 1),
(196, 'CTS 21', 1),
(197, 'CTS 28', 1),
(198, 'CTS 26', 1),
(199, 'CO 43', 1),
(201, 'R 2', 1),
(202, 'R 15', 1),
(203, 'PE 6', 1),
(206, 'M 13', 1),
(207, 'M 58', 1),
(208, 'R 123-49', 1),
(214, 'AM 11', 1),
(215, 'MS 16', 1),
(217, 'AM 10', 1),
(219, 'M 14', 1),
(220, 'MS 26', 1),
(221, 'DF 4', 1),
(222, 'EL 6', 1),
(224, 'AM 18', 1),
(225, 'MS 20', 1),
(226, 'DF 3', 1),
(227, 'L 16', 1),
(228, 'GA 25', 1),
(229, 'GA 27', 1),
(230, 'GA 44', 1),
(231, 'PE 14', 1),
(233, 'PA 5', 1),
(234, 'U 13', 1),
(235, 'U 60', 1),
(236, 'CO 2', 1),
(238, 'CTS 35', 1),
(243, 'GE 6', 1),
(246, 'M 5', 1),
(249, 'M 46', 1),
(254, 'M 54', 1),
(255, 'MS 65', 1),
(256, 'MS 42', 1),
(258, 'CO 31', 1),
(259, 'MS 50', 1),
(261, 'L 17', 1),
(262, 'MS 70', 1),
(263, 'Article 12', 1),
(264, 'Article 13', 1),
(265, 'MS 66', 1),
(266, 'CO 20', 1),
(268, 'X 10', 1),
(271, 'MS 14', 1),
(273, 'CTS 22', 1),
(275, 'CTS 34', 1),
(276, 'GE 1', 1),
(277, 'U 2', 1),
(278, 'U 45', 1),
(279, 'CO 52', 1),
(280, 'GZ 12', 1),
(282, 'CO 36', 1),
(283, 'M 9', 1),
(284, 'MS 5', 1),
(285, 'MS 6', 1),
(286, 'MS 7', 1),
(289, 'CTS 18', 1),
(290, 'CTS 12', 1),
(291, 'U 43', 1),
(292, 'U 41', 1),
(298, 'R 122-11', 1),
(299, 'GH 5', 1),
(300, 'R 122-23', 1),
(301, 'GH 27', 1),
(302, 'M 7', 1),
(304, 'CO 4', 1),
(305, 'CO 53', 1),
(306, 'R 33', 1),
(307, 'R 28', 1),
(308, 'R 30', 1),
(309, 'R 32', 1),
(313, 'U 10', 1),
(314, 'U 42', 1),
(315, 'U 61', 1),
(319, 'R 123-4', 1),
(320, 'M 12', 1),
(321, 'W 2', 1),
(324, 'M 33', 1),
(326, 'CO 59', 1),
(327, 'CO 57 ', 1),
(334, 'CTS 16', 1),
(337, 'R 16', 1),
(340, 'EL 13', 1),
(341, 'GN 10', 1),
(342, 'PE 16', 1),
(348, 'PE 5', 1),
(354, '350', 1),
(358, 'J 35', 1),
(359, 'J 39', 1),
(365, 'EL 11', 1),
(367, '366', 1),
(368, '367', 1),
(378, 'AM 12', 1),
(389, 'J 40', 1),
(390, 'J 37', 1),
(391, '356', 1),
(402, '401', 1),
(409, '404', 1),
(410, '406', 1),
(411, '407', 1),
(412, '408', 1),
(413, 'CO 12', 1),
(417, '416', 1),
(429, 'CO 47', 1),
(432, '431', 1),
(433, '432', 1),
(441, 'CTS 24', 1),
(442, 'CTS 8', 1),
(444, 'R 19', 1),
(455, 'CO 26', 1),
(456, 'CO 29', 1),
(457, 'CO 44', 1),
(458, 'EC 8', 1),
(459, 'GC 11', 1),
(460, 'L 5', 1),
(462, 'Article 46', 1),
(463, 'L 19', 1),
(464, 'L 37', 1),
(465, 'L 46', 1),
(466, 'L 40', 1),
(467, 'L 48', 1),
(468, 'MS 62', 1),
(470, 'EC 2', 1),
(472, 'PE 20', 1),
(473, 'CO 24', 1),
(475, 'L 26', 1),
(476, '5', 1),
(483, 'CO 10', 1),
(484, 'R 14', 1),
(488, 'L 21', 1),
(489, 'CO 13', 1),
(490, 'CO 48', 1),
(491, 'M 32', 1),
(493, 'PE 3', 1),
(496, 'PE 12', 1),
(497, 'R 31', 1),
(499, 'MS 38', 1),
(501, 'DF 8', 1),
(502, 'GC 21', 1),
(510, 'CO 34', 1),
(511, 'PX 1', 1),
(516, 'U 26', 1),
(522, 'CTS 3', 1),
(525, 'J 16', 1),
(527, 'CH 10', 1),
(528, 'Article 17', 1),
(529, 'Article 18', 1),
(530, 'EL 17', 1),
(531, 'Article 24', 1),
(544, 'PE 4', 1),
(548, 'J 36', 1),
(560, 'CH 58', 1),
(567, 'PE 30', 1),
(569, 'T 52', 1),
(580, 'PE 35', 1),
(583, 'M 16', 1),
(589, 'AM 5', 1),
(590, 'AS 8', 1),
(603, 'CTS 9', 1),
(604, 'CTS 30', 1),
(605, 'CTS 32', 1),
(606, 'CTS 15', 1),
(619, 'EC 7', 1),
(623, 'CO 30', 1),
(624, 'O 22', 1),
(625, 'CO 6', 1),
(630, 'CH 57', 1),
(638, 'R 123-11', 1),
(640, 'EC 5', 1),
(645, '5.1', 1),
(648, 'MS 61', 1),
(649, 'GC 1', 1),
(650, 'DF 10', 1),
(652, 'EC 1', 1),
(660, 'GZ 16', 1),
(664, 'PO 3', 1),
(665, 'L 70', 1),
(666, 'L 71', 1),
(667, 'L 42', 1),
(671, 'Articles 43, 46, 47 et 48', 1),
(674, 'GC 2', 1),
(680, 'O 19', 1),
(684, 'R 25 ', 1),
(686, 'azdaza', 0),
(687, 'M 41', 1),
(688, 'M 39', 1),
(690, 'EL 15', 1),
(691, 'EL 23', 1),
(694, 'EL 9', 1),
(695, 'U 48', 1),
(697, 'GC 3', 1),
(710, 'DF 9', 1),
(711, 'AM 17', 1),
(718, 'EC 14', 1),
(724, 'R 123-3', 1),
(728, 'R 111-19-11', 1),
(731, 'M 55', 1),
(736, 'AM 4', 1),
(738, 'G 8', 0),
(742, 'M 2', 1),
(743, 'Point 7', 1),
(747, 'Point 3', 1),
(750, 'L 33', 1),
(756, 'Article 40', 1),
(757, 'L 29', 1),
(758, 'AM 7', 1),
(759, 'AM 13', 1),
(768, 'P 11', 1),
(769, 'CO 61', 1),
(773, 'AM 1', 1),
(774, 'AM 2', 1),
(775, 'AM 3', 1),
(778, 'AM 6', 1),
(780, 'AM 8', 1),
(781, 'AM 9', 1),
(784, 'AM 19', 1),
(785, 'AM 20', 1),
(786, 'Article 1', 1),
(787, 'Article 2', 1),
(788, 'Article 3', 1),
(789, 'Article 5', 1),
(790, 'Article 7', 1),
(791, 'Article 8', 1),
(792, 'Article 9', 1),
(793, 'Article 10', 1),
(794, 'Article 11', 1),
(795, 'Article 14', 1),
(796, 'Article 15', 1),
(797, 'Article 16', 1),
(798, 'Article 19', 1),
(799, 'Article 20', 1),
(800, 'Article 21', 1),
(801, 'Article 22', 1),
(802, 'Article 23', 1),
(803, 'Article 25', 1),
(804, 'Article 26', 1),
(805, 'Article 27', 1),
(806, 'Article 28', 1),
(807, 'Article 29', 1),
(808, 'Article 30', 1),
(809, 'Article 31', 1),
(810, 'Article 32', 1),
(811, 'Article 33', 1),
(812, 'Article 34', 1),
(813, 'Article 35', 1),
(814, 'Article 36', 1),
(815, 'Article 37', 1),
(816, 'Article 38', 1),
(817, 'Article 39', 1),
(819, 'Article 41', 1),
(820, 'Article 42', 1),
(821, 'Article 43', 1),
(822, 'Article 44', 1),
(823, 'Article 45', 1),
(824, 'Article 47', 1),
(825, 'Article 48', 1),
(826, 'Article 49', 1),
(827, 'Article 50', 1),
(828, 'Article 51', 1),
(829, 'Article 52', 1),
(830, 'Article 53', 1),
(831, 'Article 54', 1),
(832, 'Article 55', 1),
(833, 'Article 56', 1),
(834, 'Article 57', 1),
(835, 'Article 58', 1),
(836, 'Article 59', 1),
(837, 'AS 1', 1),
(838, 'AS 2', 1),
(839, 'AS 3', 1),
(840, 'AS 4', 1),
(841, 'AS 5', 1),
(842, 'AS 6', 1),
(843, 'AS 7', 1),
(844, 'AS 8', 1),
(845, 'AS 10', 1),
(846, 'AS 11', 1),
(847, 'CH 1', 1),
(848, 'CH 2', 1),
(849, 'CH 3', 1),
(850, 'CH 4', 1),
(851, 'CH 5', 1),
(852, 'CH 6', 1),
(853, 'CH 7', 1),
(854, 'CH 8', 1),
(855, 'CH 9', 1),
(856, 'CH 11', 1),
(857, 'CH 12', 1),
(858, 'CH 13', 1),
(859, 'CH 14', 1),
(860, 'CH 15', 1),
(861, 'CH 16', 1),
(862, 'CH 17', 1),
(863, 'CH 18', 1),
(864, 'CH 19', 1),
(865, 'CH 20', 1),
(866, 'CH 21', 1),
(867, 'CH 22', 1),
(868, 'CH 23', 1),
(869, 'CH 24', 1),
(870, 'CH 25', 1),
(871, 'CH 26', 1),
(872, 'CH 27', 1),
(873, 'CH 28', 1),
(874, 'CH 29', 1),
(875, 'CH 30', 1),
(876, 'CH 31', 1),
(877, 'CH 32', 1),
(878, 'CH 33', 1),
(879, 'CH 35', 1),
(880, 'CH 36', 1),
(881, 'CH 37', 1),
(882, 'CH 38', 1),
(883, 'CH 39', 1),
(884, 'CH 40', 1),
(885, 'CH 41', 1),
(886, 'CH 42', 1),
(887, 'CH 43', 1),
(888, 'CH 45', 1),
(889, 'CH 46', 1),
(890, 'CH 47', 1),
(891, 'CH 48', 1),
(892, 'CH 49', 1),
(893, 'CH 50', 1),
(894, 'CH 51', 1),
(895, 'CH 52', 1),
(896, 'CH 53', 1),
(897, 'CH 54', 1),
(898, 'CH 55', 1),
(899, 'CH 56', 1),
(900, 'CH 57', 1),
(901, 'CO 1', 1),
(902, 'CO 5', 1),
(904, 'CO 8', 1),
(905, 'CO 9', 1),
(906, 'CO 14', 1),
(907, 'CO 15', 1),
(908, 'CO 16', 1),
(909, 'CO 17', 1),
(910, 'CO 18', 1),
(911, 'CO 19', 1),
(912, 'CO 21', 1),
(913, 'CO 22', 1),
(914, 'CO 23', 1),
(915, 'CO 25', 1),
(917, 'CO 32', 1),
(918, 'CO 33', 1),
(919, 'CO 39', 1),
(920, 'CO 40', 1),
(921, 'CO 41', 1),
(922, 'CO 49', 1),
(923, 'CO 50', 1),
(924, 'CO 54', 1),
(925, 'CO 55', 1),
(926, 'CO 56', 1),
(927, 'CO 58', 1),
(928, 'CO 60', 1),
(930, 'CTS 1', 1),
(931, 'CTS 2', 1),
(932, 'CTS 4', 1),
(933, 'CTS 6', 1),
(935, 'CTS 13', 1),
(936, 'CTS 14', 1),
(938, 'CTS 17', 1),
(939, 'CTS 19', 1),
(940, 'CTS 20', 1),
(941, 'CTS 23', 1),
(942, 'CTS 25', 1),
(943, 'CTS 27', 1),
(946, 'CTS 36', 1),
(947, 'CTS 37', 1),
(948, 'CTS 38', 1),
(949, 'CTS 39', 1),
(950, 'CTS 40', 1),
(951, 'CTS 41', 1),
(952, 'CTS 42', 1),
(953, 'CTS 43', 1),
(954, 'CTS 44', 1),
(955, 'CTS 45', 1),
(956, 'CTS 46', 1),
(957, 'CTS 47', 1),
(958, 'CTS 48', 1),
(959, 'CTS 49', 1),
(960, 'CTS 50', 1),
(961, 'CTS 51', 1),
(962, 'CTS 53', 1),
(963, 'CTS 54', 1),
(964, 'CTS 55', 1),
(965, 'CTS 56', 1),
(966, 'CTS 57', 1),
(967, 'CTS 58', 1),
(968, 'CTS 59', 1),
(969, 'CTS 60', 1),
(970, 'CTS 61', 1),
(971, 'CTS 62', 1),
(972, 'CTS 63', 1),
(973, 'CTS 64', 1),
(974, 'CTS 65', 1),
(975, 'CTS 66', 1),
(976, 'CTS 67', 1),
(977, 'CTS 68', 1),
(978, 'CTS 69', 1),
(979, 'CTS 70', 1),
(980, 'CTS 71', 1),
(981, 'CTS 72', 1),
(982, 'CTS 73', 1),
(983, 'CTS 74', 1),
(984, 'CTS 75', 1),
(985, 'CTS 76', 1),
(986, 'CTS 77', 1),
(987, 'CTS 78', 1),
(988, 'CTS 79', 1),
(989, 'CTS 80', 1),
(990, 'CTS 81', 1),
(991, 'DF 1', 1),
(992, 'DF 2', 1),
(993, 'DF 5', 1),
(994, 'DF 6', 1),
(995, 'DF 7', 1),
(999, 'EC 3', 1),
(1000, 'EC 4', 1),
(1001, 'EC 6', 1),
(1003, 'EC 10', 1),
(1004, 'EC 11', 1),
(1005, 'EC 12', 1),
(1006, 'EL 1', 1),
(1007, 'EL 2', 1),
(1008, 'EL 3', 1),
(1009, 'EL 7', 1),
(1011, 'EL 12', 1),
(1012, 'EL 15', 1),
(1013, 'EL 16', 1),
(1014, 'EL 20', 1),
(1015, 'EL 21', 1),
(1016, 'EL 22', 1),
(1020, 'GC 3', 1),
(1021, 'GC 5', 1),
(1022, 'GC 6', 1),
(1023, 'GC 7', 1),
(1024, 'GC 12', 1),
(1025, 'GC 13', 1),
(1026, 'GC 14', 1),
(1027, 'GC 15', 1),
(1028, 'GC 16', 1),
(1029, 'GC 17', 1),
(1030, 'GC 18', 1),
(1031, 'GC 20', 1),
(1032, 'GC 22', 1),
(1033, 'GA 1', 1),
(1034, 'GA 2', 1),
(1035, 'GA 3', 1),
(1036, 'GA 4', 1),
(1037, 'GA 5', 1),
(1038, 'GA 6', 1),
(1039, 'GA 7', 1),
(1040, 'GA 8', 1),
(1041, 'GA 9', 1),
(1042, 'GA 10', 1),
(1043, 'GA 11', 1),
(1044, 'GA 12', 1),
(1045, 'GA 13', 1),
(1046, 'GA 14', 1),
(1047, 'GA 15', 1),
(1048, 'GA 16', 1),
(1049, 'GA 17', 1),
(1050, 'GA 18', 1),
(1051, 'GA 19', 1),
(1052, 'GA 20', 1),
(1053, 'GA 21', 1),
(1054, 'GA 22', 1),
(1055, 'GA 23', 1),
(1056, 'GA 24', 1),
(1057, 'GA 26', 1),
(1058, 'GA 28', 1),
(1059, 'GA 29', 1),
(1060, 'GA 30', 1),
(1061, 'GA 31', 1),
(1062, 'GA 32', 1),
(1063, 'GA 33', 1),
(1064, 'GA 34', 1),
(1065, 'GA 35', 1),
(1066, 'GA 36', 1),
(1067, 'GA 37', 1),
(1068, 'GA 38', 1),
(1069, 'GA 39', 1),
(1070, 'GA 40', 1),
(1071, 'GA 41', 1),
(1072, 'GA 42', 1),
(1073, 'GA 43', 1),
(1074, 'GA 45', 1),
(1075, 'GA 46', 1),
(1076, 'GA 47', 1),
(1077, 'GA 48', 1),
(1078, 'GA 49', 1),
(1079, 'GE 3', 1),
(1080, 'GE 4', 1),
(1081, 'GN 1', 1),
(1082, 'GN 2', 1),
(1083, 'GN 3', 1),
(1084, 'GN 4', 1),
(1085, 'GN 5', 1),
(1086, 'GN 7', 1),
(1087, 'GN 9', 1),
(1088, 'GZ 1', 1),
(1089, 'GZ 2', 1),
(1090, 'GZ 3', 1),
(1091, 'GZ 4', 1),
(1092, 'GZ 5', 1),
(1093, 'GZ 6', 1),
(1094, 'GZ 7', 1),
(1095, 'GZ 8', 1),
(1096, 'GZ 9', 1),
(1097, 'GZ 10', 1),
(1098, 'GZ 11', 1),
(1099, 'GZ 13', 1),
(1100, 'GZ 16', 1),
(1101, 'GZ 17', 1),
(1102, 'GZ 18', 1),
(1103, 'GZ 19', 1),
(1104, 'GZ 20', 1),
(1105, 'GZ 21', 1),
(1106, 'GZ 22', 1),
(1107, 'GZ 23', 1),
(1108, 'GZ 24', 1),
(1109, 'GZ 25', 1),
(1110, 'GZ 26', 1),
(1111, 'GZ 27', 1),
(1112, 'GZ 28', 1),
(1113, 'GZ 29', 1),
(1114, 'GZ 30', 1),
(1115, 'IT 247', 1),
(1116, 'IT 248', 1),
(1117, 'IT 249', 1),
(1118, 'IT 263', 1),
(1119, 'IT  comportement au feu des sièges rembourrés', 1),
(1120, 'IT communications radioélectriques', 1),
(1121, 'IT installations particulières', 1),
(1122, 'J 1', 1),
(1123, 'J 2', 1),
(1124, 'J 3', 1),
(1125, 'J 4', 1),
(1126, 'J 5', 1),
(1127, 'J 6', 1),
(1128, 'J 7', 1),
(1129, 'J 8', 1),
(1130, 'J 9', 1),
(1131, 'J 10', 1),
(1132, 'J 11', 1),
(1133, 'J 12', 1),
(1134, 'J 13', 1),
(1135, 'J 14', 1),
(1136, 'J 15', 1),
(1137, 'J 17', 1),
(1138, 'J 18', 1),
(1139, 'J 19', 1),
(1140, 'J 20', 1),
(1141, 'J 21', 1),
(1142, 'J 22', 1),
(1143, 'J 23', 1),
(1144, 'J 24', 1),
(1145, 'J 25', 1),
(1146, 'J 26', 1),
(1147, 'J 27', 1),
(1148, 'J 28', 1),
(1149, 'J 29', 1),
(1150, 'J 30', 1),
(1151, 'J 31', 1),
(1152, 'J 32', 1),
(1153, 'J 33', 1),
(1154, 'J 34', 1),
(1155, 'J 38', 1),
(1156, 'L 1', 1),
(1157, 'L 2', 1),
(1158, 'L 3', 1),
(1159, 'L 4', 1),
(1160, 'L 6', 1),
(1161, 'L 7', 1),
(1162, 'L 8', 1),
(1163, 'L 9', 1),
(1164, 'L 10', 1),
(1165, 'L 11', 1),
(1166, 'L 12', 1),
(1167, 'L 13', 1),
(1168, 'L 15', 1),
(1169, 'L 18', 1),
(1170, 'L 22', 1),
(1171, 'L 23', 1),
(1172, 'L 24', 1),
(1173, 'L 25', 1),
(1174, 'L 28', 1),
(1175, 'L 29', 1),
(1176, 'L 31', 1),
(1177, 'L 32', 1),
(1178, 'L 33', 1),
(1179, 'L 34', 1),
(1180, 'L 35', 1),
(1181, 'L 36', 1),
(1182, 'L 38', 1),
(1183, 'L 39', 1),
(1184, 'L 41', 1),
(1186, 'L 43', 1),
(1187, 'L 44', 1),
(1188, 'L 45', 1),
(1189, 'L 47', 1),
(1190, 'L 49', 1),
(1191, 'L 50', 1),
(1192, 'L 51', 1),
(1193, 'L 52', 1),
(1194, 'L 53', 1),
(1195, 'L 54', 1),
(1196, 'L 55', 1),
(1197, 'L 56', 1),
(1198, 'L 57', 1),
(1199, 'L 58', 1),
(1200, 'L 59', 1),
(1201, 'L 60', 1),
(1202, 'L 61', 1),
(1203, 'L 62', 1),
(1204, 'L 63', 1),
(1205, 'L 64', 1),
(1206, 'L 65', 1),
(1207, 'L 66', 1),
(1208, 'L 67', 1),
(1209, 'L 68', 1),
(1210, 'L 69', 1),
(1211, 'L 70', 1),
(1212, 'L 71', 1),
(1213, 'L 72', 1),
(1214, 'L 73', 1),
(1215, 'L 74', 1),
(1216, 'L 75', 1),
(1217, 'L 76', 1),
(1218, 'L 77', 1),
(1219, 'L 78', 1),
(1220, 'L 79', 1),
(1221, 'L 80', 1),
(1222, 'L 81', 1),
(1223, 'L 82', 1),
(1224, 'L 83', 1),
(1225, 'L 84', 1),
(1226, 'L 85', 1),
(1227, 'M 2', 1),
(1228, 'M 3', 1),
(1229, 'M 4', 1),
(1230, 'M 6', 1),
(1231, 'M 11', 1),
(1233, 'M 17', 1),
(1234, 'M 18', 1),
(1235, 'M 19', 1),
(1236, 'M 20', 1),
(1237, 'M 21', 1),
(1238, 'M 22', 1),
(1239, 'M 23', 1),
(1240, 'M 24', 1),
(1241, 'M 25', 1),
(1242, 'M 27', 1),
(1243, 'M 28', 1),
(1244, 'M 31', 1),
(1245, 'M 34', 1),
(1246, 'M 35', 1),
(1247, 'M 36', 1),
(1248, 'M 37', 1),
(1249, 'M 38', 1),
(1251, 'M 40', 1),
(1253, 'M 42', 1),
(1254, 'M 43', 1),
(1255, 'M 44', 1),
(1256, 'M 45', 1),
(1257, 'M 48', 1),
(1258, 'M 50', 1),
(1259, 'M 51', 1),
(1260, 'M 52', 1),
(1261, 'M 53', 1),
(1263, 'M 56', 1),
(1264, 'M 57', 1),
(1265, 'MS 1', 1),
(1266, 'MS 2', 1),
(1267, 'MS 3', 1),
(1268, 'MS 4', 1),
(1269, 'MS 8', 1),
(1270, 'MS 9', 1),
(1271, 'MS 10', 1),
(1272, 'MS 11', 1),
(1273, 'MS 12', 1),
(1274, 'MS 13', 1),
(1275, 'MS 18', 1),
(1276, 'MS 19', 1),
(1277, 'MS 21', 1),
(1278, 'MS 22', 1),
(1279, 'MS 23', 1),
(1280, 'MS 24', 1),
(1281, 'MS 27', 1),
(1282, 'MS 28', 1),
(1283, 'MS 29', 1),
(1284, 'MS 30', 1),
(1285, 'MS 31', 1),
(1286, 'MS 32', 1),
(1287, 'MS 33', 1),
(1288, 'MS 34', 1),
(1289, 'MS 35', 1),
(1290, 'MS 36', 1),
(1291, 'MS 37', 1),
(1292, 'MS 40', 1),
(1293, 'MS 43', 1),
(1294, 'MS 44', 1),
(1295, 'MS 45', 1),
(1296, 'MS 49', 1),
(1297, 'MS 54', 1),
(1298, 'MS 59', 1),
(1299, 'MS 60', 1),
(1300, 'MS 61', 1),
(1301, 'MS 63', 1),
(1302, 'MS 74', 1),
(1303, 'MS 75', 1),
(1304, 'N 1', 1),
(1305, 'N 2', 1),
(1306, 'N 3', 1),
(1307, 'N 4', 1),
(1308, 'N 5', 1),
(1309, 'N 6', 1),
(1310, 'N 8', 1),
(1311, 'N 9', 1),
(1312, 'N 10', 1),
(1313, 'N 11', 1),
(1314, 'N 12', 1),
(1315, 'N 13', 1),
(1316, 'N 14', 1),
(1317, 'N 15', 1),
(1318, 'N 16', 1),
(1319, 'N 18', 1),
(1320, 'N 19', 1),
(1321, 'N 20', 1),
(1322, 'PA 1', 1),
(1323, 'PA 2', 1),
(1324, 'PA 3', 1),
(1325, 'PA 4', 1),
(1326, 'PA 6', 1),
(1327, 'PA 7', 1),
(1328, 'PA 8', 1),
(1329, 'PA 9', 1),
(1330, 'PA 10', 1),
(1331, 'PA 11', 1),
(1332, 'PA 12', 1),
(1333, 'PA 13', 1),
(1334, 'PA 14', 1),
(1335, 'PE 1', 1),
(1336, 'PE 2', 1),
(1337, 'PE 7', 1),
(1338, 'PE 8', 1),
(1339, 'PE 10', 1),
(1340, 'PE 13', 1),
(1341, 'PE 17', 1),
(1342, 'PE 18', 1),
(1343, 'PE 19', 1),
(1344, 'PE 21', 1),
(1345, 'PE 22', 1),
(1346, 'PE 23', 1),
(1347, 'PE 25', 1),
(1348, 'PE 28', 1),
(1349, 'PE 29', 1),
(1351, 'PE 31', 1),
(1352, 'PE 34', 1),
(1353, 'PE 35', 1),
(1354, 'PE 36', 1),
(1355, 'PE 37', 1),
(1356, 'R 1', 1),
(1357, 'R 3', 1),
(1358, 'R 4', 1),
(1359, 'R 5', 1),
(1360, 'R 6', 1),
(1361, 'R 7', 1),
(1362, 'R 8', 1),
(1363, 'R 9', 1),
(1364, 'R 11', 1),
(1365, 'R 12', 1),
(1366, 'R 13', 1),
(1367, 'R 17', 1),
(1368, 'R 18', 1),
(1369, 'R 20', 1),
(1370, 'R 21', 1),
(1371, 'R 22', 1),
(1372, 'R 23', 1),
(1373, 'R 24', 1),
(1374, 'R 26', 1),
(1375, 'R 27', 1),
(1376, 'R 29', 1),
(1377, 'R 123-1', 1),
(1378, 'R 123-2', 1),
(1379, 'R 123-5', 1),
(1380, 'R 123-6', 1),
(1381, 'R 123-8', 1),
(1382, 'R 123-9', 1),
(1383, 'R 123-10', 1),
(1384, 'R 123-12', 1),
(1385, 'R 123-14', 1),
(1386, 'R 123-15', 1),
(1387, 'R 123-16', 1),
(1388, 'R 123-17', 1),
(1389, 'R 123-18', 1),
(1390, 'R 123-20', 1),
(1391, 'R 123-27', 1),
(1392, 'R 123-28', 1),
(1393, 'R 123-29', 1),
(1394, 'R 123-31', 1),
(1395, 'R 123-32', 1),
(1396, 'R 123-33', 1),
(1397, 'R 123-34', 1),
(1398, 'R 123-35', 1),
(1399, 'R 123-36', 1),
(1400, 'R 123-37', 1),
(1401, 'R 123-38', 1),
(1402, 'R 123-39', 1),
(1403, 'R 123-40', 1),
(1404, 'R 123-41', 1),
(1405, 'R 123-42', 1),
(1406, 'R 123-46', 1),
(1407, 'R 123-47', 1),
(1408, 'R 123-50', 1),
(1409, 'R 123-53', 1),
(1410, 'R 123-54', 1),
(1411, 'R 123-55', 1),
(1412, 'R 122-1', 1),
(1413, 'R 122-2', 1),
(1414, 'R 122-3', 1),
(1415, 'R 122-4', 1),
(1416, 'R 122-5', 1),
(1417, 'R 122-6', 1),
(1418, 'R 122-7', 1),
(1419, 'R 122-8', 1),
(1420, 'R 122-9', 1),
(1421, 'R 122-10', 1),
(1422, 'R 122-12', 1),
(1423, 'R 122-13', 1),
(1424, 'R 122-14', 1),
(1425, 'R 122-15', 1),
(1426, 'R 122-16', 1),
(1427, 'R 122-17', 1),
(1428, 'R 122-18', 1),
(1429, 'R 122-19', 1),
(1430, 'R 122-20', 1),
(1431, 'R 122-21', 1),
(1432, 'R 122-22', 1),
(1433, 'R 122-24', 1),
(1434, 'R 122-25', 1),
(1435, 'R 122-26', 1),
(1436, 'R 122-27', 1),
(1437, 'R 122-28', 1),
(1438, 'R 122-29', 1),
(1439, 'L 123-1', 1),
(1440, 'L 123-2', 1),
(1441, 'L 123-3', 1),
(1442, 'L 123-4', 1),
(1443, 'T 1', 1),
(1444, 'T 2', 1),
(1445, 'T 3', 1),
(1446, 'T 7', 1),
(1447, 'T 8', 1),
(1448, 'T 9', 1),
(1449, 'T 10', 1),
(1450, 'T 11', 1),
(1451, 'T 12', 1),
(1452, 'T 13', 1),
(1453, 'T 14', 1),
(1454, 'T 15', 1),
(1455, 'T 16', 1),
(1456, 'T 17', 1),
(1457, 'T 18', 1),
(1458, 'T 19', 1),
(1459, 'T 20', 1),
(1460, 'T 23', 1),
(1461, 'T 24', 1),
(1462, 'T 25', 1),
(1463, 'T 26', 1),
(1464, 'T 27', 1),
(1465, 'T 28', 1),
(1466, 'T 29', 1),
(1467, 'T 30', 1),
(1468, 'T 31', 1),
(1469, 'T 32', 1),
(1470, 'T 33', 1),
(1471, 'T 34', 1),
(1472, 'T 37', 1),
(1473, 'T 38', 1),
(1474, 'T 39', 1),
(1475, 'T 40', 1),
(1476, 'T 42', 1),
(1477, 'T 43', 1),
(1478, 'T 44', 1),
(1479, 'T 45', 1),
(1480, 'T 46', 1),
(1481, 'T 47', 1),
(1482, 'T 49', 1),
(1483, 'T 50', 1),
(1484, 'T 51', 1),
(1485, 'T 52', 1),
(1486, 'U 1', 1),
(1487, 'U 3', 1),
(1488, 'U 4', 1),
(1489, 'U 5', 1),
(1490, 'U 6', 1),
(1491, 'U 7', 1),
(1492, 'U 8', 1),
(1493, 'U 9', 1),
(1494, 'U 11', 1),
(1495, 'U 12', 1),
(1496, 'U 14', 1),
(1497, 'U 15', 1),
(1498, 'U 16', 1),
(1499, 'U 17', 1),
(1500, 'U 18', 1),
(1501, 'U 19', 1),
(1502, 'U 20', 1),
(1503, 'U 22', 1),
(1504, 'U 23', 1),
(1505, 'U 24', 1),
(1506, 'U 25', 1),
(1507, 'U 27', 1),
(1508, 'U 28', 1),
(1509, 'U 29', 1),
(1510, 'U 30', 1),
(1511, 'U 31', 1),
(1512, 'U 32', 1),
(1513, 'U 33', 1),
(1514, 'U 34', 1),
(1515, 'U 35', 1),
(1516, 'U 36', 1),
(1517, 'U 37', 1),
(1518, 'U 38', 1),
(1519, 'U 39', 1),
(1520, 'U 40', 1),
(1521, 'U 46', 1),
(1522, 'U 49', 1),
(1523, 'U 50', 1),
(1524, 'U 51', 1),
(1525, 'U 52', 1),
(1526, 'U 54', 1),
(1527, 'U 55', 1),
(1528, 'U 56', 1),
(1529, 'U 57', 1),
(1530, 'U 58', 1),
(1531, 'U 59', 1),
(1532, 'U 62', 1),
(1533, 'U 63', 1),
(1534, 'U 64', 1),
(1535, 'GH 1', 1),
(1536, 'GH 2', 1),
(1537, 'GH 3', 1),
(1538, 'GH 4', 1),
(1539, 'GH 6', 1),
(1540, 'GH 7', 1),
(1541, 'GH 8', 1),
(1542, 'GH 9', 1),
(1543, 'GH 10', 1),
(1544, 'GH 11', 1),
(1545, 'GH 12', 1),
(1546, 'GH 13', 1),
(1547, 'GH 14', 1),
(1548, 'GH 15', 1),
(1549, 'GH 16', 1),
(1550, 'GH 17', 1),
(1551, 'GH 18', 1),
(1552, 'GH 19', 1),
(1553, 'GH 20', 1),
(1554, 'GH 21', 1),
(1555, 'GH 22', 1),
(1556, 'GH 23', 1),
(1557, 'GH 24', 1),
(1558, 'GH 25', 1),
(1559, 'GH 26', 1),
(1560, 'GH 28', 1),
(1561, 'GH 29', 1),
(1562, 'GH 30', 1),
(1563, 'GH 31', 1),
(1564, 'GH 32', 1),
(1565, 'GH 33', 1),
(1566, 'GH 34', 1),
(1567, 'GH 35', 1),
(1568, 'GH 36', 1),
(1569, 'GH 37', 1),
(1570, 'GH 38', 1),
(1571, 'GH 39', 1),
(1572, 'GH 40', 1),
(1573, 'GH 41', 1),
(1574, 'GH 42', 1),
(1575, 'GH 43', 1),
(1576, 'GH 44', 1),
(1577, 'GH 45', 1),
(1578, 'GH 46', 1),
(1579, 'GH 47', 1),
(1580, 'GH 48', 1),
(1581, 'GH 49', 1),
(1582, 'GH 50', 1),
(1583, 'GH 51', 1),
(1584, 'GH 52', 1),
(1585, 'GH 53', 1),
(1586, 'GH 54', 1),
(1587, 'GH 55', 1),
(1588, 'GH 56', 1),
(1589, 'GH 57', 1),
(1590, 'GH 58', 1),
(1591, 'GH 59', 1),
(1592, 'GH 60', 1),
(1593, 'GH 61', 1),
(1594, 'GH 62', 1),
(1595, 'GH 63', 1),
(1596, 'GH 64', 1),
(1597, 'GH 65', 1),
(1598, 'GH 66', 1),
(1599, 'GH 67', 1),
(1600, 'GH 68', 1),
(1601, 'GH 69', 1),
(1602, 'GH 70', 1),
(1603, 'GH 71', 1),
(1604, 'GH 72', 1),
(1605, 'GH 73', 1),
(1606, 'GH 74', 1),
(1607, 'GHA 1', 1),
(1608, 'GHA 2', 1),
(1609, 'GHA 3', 1),
(1610, 'GHA 4', 1),
(1611, 'GHA 5', 1),
(1612, 'GHA 6', 1),
(1613, 'GHO 1', 1),
(1614, 'GHO 2', 1),
(1615, 'GHO 3', 1),
(1616, 'GHO 4', 1),
(1617, 'GHO 5', 1),
(1618, 'GHO 6', 1),
(1619, 'GHO 7', 1),
(1620, 'GHO 8', 1),
(1621, 'GHR 1', 1),
(1622, 'GHR 2', 1),
(1623, 'GHR 3', 1),
(1624, 'GHR 4', 1),
(1625, 'GHR 5', 1),
(1626, 'GHR 6', 1),
(1627, 'GHR 7', 1),
(1628, 'GHR 8', 1),
(1629, 'GHR 9', 1),
(1630, 'GHS', 1),
(1631, 'GHU 1', 1),
(1632, 'GHU 2', 1),
(1633, 'GHU 3', 1),
(1634, 'GHU 4', 1),
(1635, 'GHU 5', 1),
(1636, 'GHU 6', 1),
(1637, 'GHU 7', 1),
(1638, 'GHU 8', 1),
(1639, 'GHU 9', 1),
(1640, 'GHU 10', 1),
(1641, 'GHU 11', 1),
(1642, 'GHU 12', 1),
(1643, 'GHU 13', 1),
(1644, 'GHU 14', 1),
(1645, 'GHU 15', 1),
(1646, 'GHU 16', 1),
(1647, 'GHU 17', 1),
(1648, 'GHU 18', 1),
(1649, 'GHU 19', 1),
(1650, 'GHW 1', 1),
(1651, 'GHW 2', 1),
(1652, 'GHW 3', 1),
(1653, 'GHW 4', 1),
(1654, 'GHW 5', 1),
(1655, 'GHZ', 1),
(1656, 'GHTC', 1),
(1657, 'ITGH 1', 1),
(1658, 'ITGH 2', 1),
(1659, 'ITGH 3', 1),
(1660, 'ITGH 4', 1),
(1661, 'ITGH 5', 1),
(1662, 'ITGH 6', 1),
(1663, 'ITGH 7', 1),
(1664, 'ITGH 8', 1),
(1665, 'W 1', 1),
(1666, 'W 3', 1),
(1667, 'W 4', 1),
(1668, 'W 5', 1),
(1669, 'W 6', 1),
(1670, 'W 7', 1),
(1671, 'W 8', 1),
(1672, 'W 10', 1),
(1673, 'W 11', 1),
(1674, 'W 12', 1),
(1675, 'W 13', 1),
(1676, 'W 14', 1),
(1677, 'W 15', 1),
(1678, 'W 16', 1),
(1679, 'X 1', 1),
(1680, 'X 2', 1),
(1681, 'X 3', 1),
(1682, 'X 4', 1),
(1683, 'X 5', 1),
(1684, 'X 6', 1),
(1685, 'X 7', 1),
(1686, 'X 8', 1),
(1687, 'X 9', 1),
(1688, 'X 11', 1),
(1689, 'X 12', 1),
(1690, 'X 13', 1),
(1691, 'X 14', 1),
(1692, 'X 15', 1),
(1693, 'X 16', 1),
(1694, 'X 17', 1),
(1695, 'X 18', 1),
(1696, 'X 19', 1),
(1697, 'X 20', 1),
(1698, 'X 21', 1),
(1699, 'X 22', 1),
(1700, 'X 23', 1),
(1701, 'X 24', 1),
(1702, 'X 26', 1),
(1703, 'X 27', 1),
(1704, 'O 1', 1),
(1705, 'O 2', 1),
(1706, 'O 3', 1),
(1707, 'O 4', 1),
(1708, 'O 5', 1),
(1709, 'O 6', 1),
(1710, 'O 7', 1),
(1711, 'O 8', 1),
(1712, 'O 9', 1),
(1713, 'O 10', 1),
(1714, 'O 11', 1),
(1715, 'O 12', 1),
(1716, 'O 13', 1),
(1717, 'O 14', 1),
(1718, 'O 15', 1),
(1719, 'O 16', 1),
(1720, 'O 17', 1),
(1721, 'O 18', 1),
(1723, 'O 20', 1),
(1724, 'O 21', 1),
(1726, 'O 23', 1),
(1727, 'O 24', 1),
(1728, 'P 1', 1),
(1729, 'P 2', 1),
(1730, 'P 3', 1),
(1731, 'P 4', 1),
(1732, 'P 5', 1),
(1733, 'P 6', 1),
(1734, 'P 7', 1),
(1735, 'P 8', 1),
(1736, 'P 9', 1),
(1737, 'P 10', 1),
(1738, 'P 11', 1),
(1739, 'P 12', 1),
(1740, 'P 13', 1),
(1741, 'P 14', 1),
(1742, 'P 15', 1),
(1743, 'P 16', 1),
(1744, 'P 17', 1),
(1745, 'P 18', 1),
(1746, 'P 19', 1),
(1747, 'P 20', 1),
(1748, 'P 21', 1),
(1749, 'P 22', 1),
(1750, 'P 23', 1),
(1751, 'P 24', 1),
(1752, 'S 1', 1),
(1753, 'S 2', 1),
(1754, 'S 3', 1),
(1755, 'S 4', 1),
(1756, 'S 5', 1),
(1757, 'S 6', 1),
(1758, 'S 7', 1),
(1759, 'S 8', 1),
(1760, 'S 9', 1),
(1761, 'S 10', 1),
(1762, 'S 11', 1),
(1763, 'S 12', 1),
(1764, 'S 13', 1),
(1765, 'S 14', 1),
(1766, 'S 15', 1),
(1767, 'S 16', 1),
(1768, 'S 17', 1),
(1769, 'S 18', 1),
(1770, 'S 19', 1),
(1771, 'V 1', 1),
(1772, 'V 2', 1),
(1773, 'V 3', 1),
(1774, 'V 4', 1),
(1775, 'V 5', 1),
(1776, 'V 6', 1),
(1777, 'V 7', 1),
(1778, 'V 8', 1),
(1779, 'V 9', 1),
(1780, 'V 10', 1),
(1781, 'V 11', 1),
(1782, 'V 12', 1),
(1783, 'V 13', 1),
(1784, 'Y 1', 1),
(1785, 'Y 2', 1),
(1786, 'Y 3', 1),
(1787, 'Y 4', 1),
(1788, 'Y 5', 1),
(1789, 'Y 6', 1),
(1790, 'Y 7', 1),
(1791, 'Y 8', 1),
(1792, 'Y 9', 1),
(1793, 'Y 10', 1),
(1794, 'Y 11', 1),
(1795, 'Y 12', 1),
(1796, 'Y 13', 1),
(1797, 'Y 14', 1),
(1798, 'Y 15', 1),
(1799, 'Y 16', 1),
(1800, 'Y 17', 1),
(1801, 'Y 18', 1),
(1802, 'Y 19', 1),
(1803, 'Y 20', 1),
(1804, 'Y 21', 1),
(1805, 'Y 22', 1),
(1806, 'PO 1', 1),
(1807, 'PO 2', 1),
(1808, 'PO 3', 1),
(1809, 'PO 4', 1),
(1810, 'PO 5', 1),
(1811, 'PO 6', 1),
(1812, 'PO 7', 1),
(1813, 'PO 8', 1),
(1814, 'PO 9', 1),
(1815, 'PO 10', 1),
(1816, 'PO 11', 1),
(1817, 'PO 12', 1),
(1818, 'PO 13', 1),
(1819, 'PU 1', 1),
(1820, 'PU 2', 1),
(1821, 'PU 3', 1),
(1822, 'PU 4', 1),
(1823, 'PU 5', 1),
(1824, 'PU 6', 1),
(1825, 'SG 1', 1),
(1826, 'SG 2', 1),
(1827, 'SG 3', 1),
(1828, 'SG 4', 1),
(1829, 'SG 5', 1),
(1830, 'SG 6', 1),
(1831, 'SG 7', 1),
(1832, 'SG 8', 1),
(1833, 'SG 9', 1),
(1834, 'SG 10', 1),
(1835, 'SG 11', 1),
(1836, 'SG 12', 1),
(1837, 'SG 13', 1),
(1838, 'SG 14', 1),
(1839, 'SG 15', 1),
(1840, 'SG 16', 1),
(1841, 'SG 17', 1),
(1842, 'SG 18', 1),
(1843, 'SG 19', 1),
(1844, 'SG 20', 1),
(1845, 'SG 21', 1),
(1846, 'SG 22', 1),
(1847, 'SG 23', 1),
(1848, 'SG 24', 1),
(1849, 'SG 25', 1),
(1850, 'OA 1', 1),
(1851, 'OA 2', 1),
(1852, 'OA 3', 1),
(1853, 'OA 4', 1),
(1854, 'OA 5', 1),
(1855, 'OA 6', 1),
(1856, 'OA 7', 1),
(1857, 'OA 8', 1),
(1858, 'OA 9', 1),
(1859, 'OA 10', 1),
(1860, 'OA 11', 1),
(1861, 'OA 12', 1),
(1862, 'OA 13', 1),
(1863, 'OA 14', 1),
(1864, 'OA 15', 1),
(1865, 'OA 16', 1),
(1866, 'OA 17', 1),
(1867, 'OA 18', 1),
(1868, 'OA 19', 1),
(1869, 'OA 20', 1),
(1870, 'OA 21', 1),
(1871, 'OA 22', 1),
(1872, 'OA 23', 1),
(1873, 'OA 24', 1),
(1874, 'OA 25', 1),
(1875, 'OA 26', 1),
(1876, 'OA 27', 1),
(1877, 'OA 28', 1),
(1878, 'OA 29', 1),
(1879, 'REF 1', 1),
(1880, 'REF 2', 1),
(1881, 'REF 3', 1),
(1882, 'REF 4', 1),
(1883, 'REF 5', 1),
(1884, 'REF 6', 1),
(1885, 'REF 7', 1),
(1886, 'REF 8', 1),
(1887, 'REF 9', 1),
(1888, 'REF 10', 1),
(1889, 'REF 11', 1),
(1890, 'REF 12', 1),
(1891, 'REF 13', 1),
(1892, 'REF 14', 1),
(1893, 'REF 15', 1),
(1894, 'REF 16', 1),
(1895, 'REF 17', 1),
(1896, 'REF 18', 1),
(1897, 'REF 19', 1),
(1898, 'REF 20', 1),
(1899, 'REF 21', 1),
(1900, 'REF 22', 1),
(1901, 'REF 23', 1),
(1902, 'REF 24', 1),
(1903, 'REF 25', 1),
(1904, 'REF 26', 1),
(1905, 'REF 27', 1),
(1906, 'REF 28', 1),
(1907, 'REF 29', 1),
(1908, 'REF 30', 1),
(1909, 'REF 31', 1),
(1910, 'REF 32', 1),
(1911, 'REF 33', 1),
(1912, 'REF 34', 1),
(1913, 'REF 35', 1),
(1914, 'REF 36', 1),
(1915, 'REF 37', 1),
(1916, 'REF 38', 1),
(1917, 'REF 39', 1),
(1918, 'REF 40', 1),
(1919, 'REF 41', 1),
(1920, 'REF 42', 1),
(1921, 'REF 43', 1),
(1922, 'REF 44', 1),
(1923, 'PS 1', 1),
(1924, 'PS 2', 1),
(1925, 'PS 3', 1),
(1926, 'PS 4', 1),
(1927, 'PS 5', 1),
(1928, 'PS 6', 1),
(1929, 'PS 7', 1),
(1930, 'PS 8', 1),
(1931, 'PS 9', 1),
(1932, 'PS 10', 1),
(1933, 'PS 11', 1),
(1934, 'PS 12', 1),
(1935, 'PS 13', 1),
(1936, 'PS 14', 1),
(1937, 'PS 15', 1),
(1938, 'PS 16', 1),
(1939, 'PS 17', 1),
(1940, 'PS 18', 1),
(1941, 'PS 19', 1),
(1942, 'PS 20', 1),
(1943, 'PS 21', 1),
(1944, 'PS 22', 1),
(1945, 'PS 23', 1),
(1946, 'PS 24', 1),
(1947, 'PS 25', 1),
(1948, 'PS 26', 1),
(1949, 'PS 27', 1),
(1950, 'PS 28', 1),
(1951, 'PS 29', 1),
(1952, 'PS 30', 1),
(1953, 'PS 31', 1),
(1954, 'PS 32', 1),
(1955, 'PS 33', 1),
(1956, 'PS 34', 1),
(1957, 'PS 35', 1),
(1958, 'PS 36', 1),
(1959, 'PS 37', 1),
(1960, 'PS 38', 1),
(1961, 'PS 39', 1),
(1962, 'PS 40', 1),
(1963, 'PS 41', 1),
(1964, 'PS 42', 1),
(1965, 'PS 43', 1),
(1966, 'EF 1', 1),
(1967, 'EF 2', 1),
(1968, 'EF 3', 1),
(1969, 'EF 4', 1),
(1970, 'EF 5', 1),
(1971, 'EF 6', 1),
(1972, 'EF 7', 1),
(1973, 'EF 8', 1),
(1974, 'EF 9', 1),
(1975, 'EF 10', 1),
(1976, 'EF 11', 1),
(1977, 'EF 12', 1),
(1978, 'EF 13', 1),
(1979, 'EF 14', 1),
(1980, 'EF 15', 1),
(1981, 'EF 16', 1),
(1982, 'EF 17', 1),
(1983, 'EF 18', 1),
(1984, 'PE 15', 1),
(1985, 'CO 11', 1),
(1986, 'Article 66', 1);

-- --------------------------------------------------------

--
-- Structure de la table `prescriptioncat`
--

CREATE TABLE IF NOT EXISTS `prescriptioncat` (
  `ID_PRESCRIPTION_CAT` bigint(20) NOT NULL AUTO_INCREMENT,
  `LIBELLE_PRESCRIPTION_CAT` varchar(255) DEFAULT NULL,
  `NUM_PRESCRIPTION_CAT` int(11) NOT NULL,
  PRIMARY KEY (`ID_PRESCRIPTION_CAT`)
) ENGINE=InnoDB  DEFAULT CHARSET=utf8 AUTO_INCREMENT=11 ;

--
-- Contenu de la table `prescriptioncat`
--

INSERT INTO `prescriptioncat` (`ID_PRESCRIPTION_CAT`, `LIBELLE_PRESCRIPTION_CAT`, `NUM_PRESCRIPTION_CAT`) VALUES
(1, 'Code de la construction et de l''habitation', 0),
(2, 'Code du travail', 3),
(3, 'Code de l''urbanisme', 1),
(4, 'Code de l''environnement', 2),
(5, 'Règlement ERP', 4),
(6, 'Règlement IGH', 5),
(7, 'Bâtiments d''habitation', 7),
(8, 'ICPE', 6),
(9, 'Instructions techniques', 8),
(10, 'Décret 95-260 du 8 mars 1995', 9);

-- --------------------------------------------------------

--
-- Structure de la table `prescriptionregl`
--

CREATE TABLE IF NOT EXISTS `prescriptionregl` (
  `ID_PRESCRIPTIONREGL` bigint(20) NOT NULL AUTO_INCREMENT,
  `PRESCRIPTIONREGL_TYPE` tinyint(1) DEFAULT NULL,
  `PRESCRIPTIONREGL_LIBELLE` text,
  `PRESCRIPTIONREGL_VISIBLE` tinyint(1) DEFAULT '1',
  PRIMARY KEY (`ID_PRESCRIPTIONREGL`)
) ENGINE=InnoDB  DEFAULT CHARSET=utf8 AUTO_INCREMENT=10 ;

--
-- Contenu de la table `prescriptionregl`
--

INSERT INTO `prescriptionregl` (`ID_PRESCRIPTIONREGL`, `PRESCRIPTIONREGL_TYPE`, `PRESCRIPTIONREGL_LIBELLE`, `PRESCRIPTIONREGL_VISIBLE`) VALUES
(1, 1, 'Les constructeurs, propriétaires et exploitants des établissements recevant du public sont tenus, tant au moment de la construction qu''au cours de l''exploitation, de respecter les mesures de prévention et de sauvegarde propres à assurer la sécurité des personnes ; ces mesures sont déterminées compte tenu de la nature de l''exploitation, des dimensions des locaux, de leur mode de construction, du nombre de personnes pouvant y être admises et de leur aptitude à se soustraire aux effets d''un incendie.', 1),
(2, 1, 'Respecter les engagements du maître d''ouvrage dans sa notice de sécurité.', 1),
(3, 1, 'Veiller à ce que les travaux qui feraient courir un danger quelconque au public ou qui apporteraient une gêne à son évacuation soient effectués en dehors de sa présence.', 1),
(4, 1, 'Les appareils ou équipements doivent être conformes soit aux normes françaises, soit aux normes européennes harmonisées, soit aux normes ou spécifications techniques d’autres états de l’Union Européenne reconnues conformément à l’article GN 14 du règlement de sécurité.', 1),
(5, 1, 'Solliciter le passage de la commission de sécurité à l''issue des travaux de cet établissement. Cette demande doit être formulée au Maire de la commune concernée qui avisera le secrétariat de la commission et ce, au moins 1 mois avant la date fixée.', 1),
(7, 2, 'Les constructeurs, propriétaires et exploitants des établissements recevant du public sont tenus, tant au moment de la construction qu''au cours de l''exploitation, de respecter les mesures de prévention et de sauvegarde propres à assurer la sécurité des personnes ; ces mesures sont déterminées compte tenu de la nature de l''exploitation, des dimensions des locaux, de leur mode de construction, du nombre de personnes pouvant y être admises et de leur aptitude à se soustraire aux effets d''un incendie.', 0),
(8, 2, 'Les constructeurs, installateurs et exploitants sont tenus, chacun en ce qui le concerne, de s''assurer que les installations ou équipements sont établis, maintenus et entretenus en conformité avec les dispositions de la présente réglementation. A cet effet, ils font respectivement procéder pendant la construction et périodiquement en cours d''exploitation aux vérifications nécessaires par les organismes ou personnes agréés dans les conditions fixées par arrêté du Ministre de l''Intérieur. Le contrôle exercé par l''administration ou par les commissions de sécurité ne les dégage pas des responsabilités qui leur incombent personnellement.', 1),
(9, 2, 'Tenir à jour le registre de sécurité sur lequel sont reportés les renseignements indispensables à la bonne marche du service de sécurité et, en particulier :\r\n- l''état du personnel chargé du service d''incendie ;\r\n- les diverses consignes, générales et particulières, établies en cas d''incendie, y compris les consignes d''évacuation prenant en compte les différents types de handicap ; \r\n- les dates des divers contrôles et vérifications ainsi que les observations auxquelles ceux-ci ont donné lieu ;\r\n- les dates des travaux d''aménagement et de transformation, leur nature, les noms du ou des entrepreneurs et, s''il y a lieu, de l''architecte ou du technicien chargé de surveiller les travaux', 1);

-- --------------------------------------------------------

--
-- Structure de la table `prescriptionreglassoc`
--

CREATE TABLE IF NOT EXISTS `prescriptionreglassoc` (
  `ID_PRESCRIPTIONREGL` bigint(20) NOT NULL,
  `NUM_PRESCRIPTIONASSOC` int(11) NOT NULL,
  `ID_TEXTE` bigint(20) NOT NULL,
  `ID_ARTICLE` bigint(20) NOT NULL,
  PRIMARY KEY (`ID_PRESCRIPTIONREGL`,`NUM_PRESCRIPTIONASSOC`),
  KEY `fk_prescriptionreglassoc_prescriptionregl1_idx` (`ID_PRESCRIPTIONREGL`)
) ENGINE=InnoDB DEFAULT CHARSET=utf8;

--
-- Contenu de la table `prescriptionreglassoc`
--

INSERT INTO `prescriptionreglassoc` (`ID_PRESCRIPTIONREGL`, `NUM_PRESCRIPTIONASSOC`, `ID_TEXTE`, `ID_ARTICLE`) VALUES
(1, 1, 71, 2),
(2, 1, 71, 29),
(3, 1, 73, 31),
(4, 1, 73, 33),
(5, 1, 71, 3),
(7, 1, 71, 2),
(8, 1, 71, 12),
(9, 1, 71, 4);

-- --------------------------------------------------------

--
-- Structure de la table `prescriptiontexte`
--

CREATE TABLE IF NOT EXISTS `prescriptiontexte` (
  `ID_PRESCRIPTIONTEXTE` bigint(20) NOT NULL AUTO_INCREMENT,
  `LIBELLE_PRESCRIPTIONTEXTE` varchar(255) DEFAULT NULL,
  `NUM_PRESCRIPTIONTEXTE` int(11) DEFAULT NULL,
  `ID_PRESCRIPTIONCAT` bigint(20) NOT NULL,
  PRIMARY KEY (`ID_PRESCRIPTIONTEXTE`),
  KEY `fk_prescriptiontexte_prescriptioncat1_idx` (`ID_PRESCRIPTIONCAT`)
) ENGINE=InnoDB  DEFAULT CHARSET=utf8 AUTO_INCREMENT=20 ;

--
-- Contenu de la table `prescriptiontexte`
--

INSERT INTO `prescriptiontexte` (`ID_PRESCRIPTIONTEXTE`, `LIBELLE_PRESCRIPTIONTEXTE`, `NUM_PRESCRIPTIONTEXTE`, `ID_PRESCRIPTIONCAT`) VALUES
(1, 'ERP', 1, 1),
(2, 'IGH', 2, 1),
(10, 'Bâtiments d''habitation', 3, 1),
(11, 'Accessibilité', 4, 1),
(12, 'Contrôles techniques', 5, 1),
(13, 'Equipements', 6, 1),
(14, 'Dispositions communes', 0, 5),
(15, 'Dispositions générales', 1, 5),
(16, 'Dispositions particulières', 2, 5),
(17, 'Dispositions 5ème catégorie', 3, 5),
(18, 'Disposition spéciales', 4, 5),
(19, 'Dispositions applicables aux ERP et IGH', 1, 10);

-- --------------------------------------------------------

--
-- Structure de la table `prescriptiontexteliste`
--

CREATE TABLE IF NOT EXISTS `prescriptiontexteliste` (
  `ID_TEXTE` bigint(20) NOT NULL AUTO_INCREMENT,
  `LIBELLE_TEXTE` varchar(255) NOT NULL,
  `VISIBLE_TEXTE` tinyint(1) DEFAULT '1',
  PRIMARY KEY (`ID_TEXTE`)
) ENGINE=InnoDB  DEFAULT CHARSET=utf8 AUTO_INCREMENT=113 ;

--
-- Contenu de la table `prescriptiontexteliste`
--

INSERT INTO `prescriptiontexteliste` (`ID_TEXTE`, `LIBELLE_TEXTE`, `VISIBLE_TEXTE`) VALUES
(32, 'Arrêté du 4 juin 1982 modifié (dispositions particulières applicables aux établissements du type R)', 1),
(33, ' Arrêté du 4 Juin 1982 modifié (dispositions particulières applicables aux établissements de type X)', 1),
(38, 'Arrêté du 18 novembre 1987 modifié (dispositions particulières applicables aux établissements du type T)', 1),
(40, 'Missions, emplois et qualification du personnel des services de sécurité incendie des ERP et des IGH', 1),
(45, 'Arrêté du 5 février 2007 modifié (dispositions particulières applicables aux établissements du type L)', 1),
(58, 'Arrêté du 30 décembre 2011 portant règlement de sécurité pour la construction des immeubles de grande hauteur et leur protection contre les risques d''incendie et de panique', 1),
(59, 'Code de la Construction et de l’Habitation - Articles R 122.1 à R 122.29 (IGH)', 1),
(65, 'Arrêté du 31 janvier 1986 modifié (dispositions applicables aux habitations)', 1),
(67, 'Arrêté du 18 juillet 2006 (règles de sécurité contre les risques d’incendie et de panique dans les établissements pénitentiaires)', 1),
(69, 'Arrêté du 23 janvier 1985 modifié (dispositions particulières applicables aux établissements du type CTS)', 1),
(70, 'Règlement de sécurité contre l’incendie du 23 mars 1965 modifié, relatif aux établissements recevant du public', 1),
(71, 'Code de la Construction et de l’Habitation - Articles R 123-1 à R 123-55 et L 111-8 (ERP)', 1),
(73, 'Arrêté du 25 juin 1980 modifié, relatif aux dispositions générales applicables aux établissements recevant du public et instructions techniques annexées', 1),
(74, 'Code du travail', 1),
(75, 'Instruction technique n°246 relative au désenfumage dan les ERP', 1),
(76, 'Instruction technique n°248 relative aux systèmes d''alarme utilisées dans les ERP', 1),
(77, 'Instruction technique n°249 relative aux façades', 1),
(78, 'Instruction technique n°263 relative à la construction et au désenfumage des volumes libres intérieurs dans les ERP', 1),
(80, 'Arrêté du 12 décembre 1984 modifié (dispositions particulières applicables aux établissements du type L)', 1),
(81, 'Arrêté du 22 décembre 1981 modifié (dispositions particulières applicables aux établissements du type M)', 1),
(82, 'Arrêté du 21 juin 1982 modifié (dispositions particulières applicables aux établissements du type N)', 1),
(83, 'Arrêté du 21 Juin 1982 modifié (dispositions particulières applicables aux établissements du type O, hôtels et pensions de famille). ', 1),
(84, 'Arrêté du 25 octobre 2011 (dispositions particulières applicables aux établissements du type O)', 1),
(85, 'Arrêté du 7 juillet 1983 modifié (dispositions particulières applicables aux établissements du type P)', 1),
(87, 'Arrêté du 12 juin 1995 modifié (dispositions particulières applicables aux établissements du type S)', 1),
(89, 'Arrêté du 23 mai 1989 modifié (dispositions particulières applicables aux établissements du type U)', 1),
(90, 'Arrêté du 10 décembre 2004 modifié (dispositions particulières applicables aux établissements du type U)', 1),
(91, 'Arrêté du 21 avril 1983 modifié (dispositions particulières applicables aux établissements du type V)', 1),
(92, 'Arrêté du 21 avril 1983 modifié (dispositions particulières applicables aux établissements du type W)', 1),
(93, 'Arrêté du 4 juin 1982 modifié (dispositions particulières applicables aux établissements du type X)', 1),
(94, 'Arrêté du 12 juin 1995 modifié (dispositions particulières applicables aux établissements du type Y)', 1),
(95, 'Arrêté du 19 novembre 2001 modifié (dispositions particulières applicables aux établissements du type J)', 1),
(96, 'Arrêté du 22 Juin 1990 modifié (dispositions particulières applicables aux établissements de 5ème catégorie PE)', 1),
(98, 'Arrêté du 26 octobre 2011 modifié (dispositions particulières applicables aux petits hôtels PO)', 1),
(99, 'Arrêté du 10 décembre 2004 (dispositions particulières applicables aux petits établissements de soins PU)', 1),
(100, 'Arrêté du 20 novembre 2000 (dispositions particulières applicables aux établissements sportifs PX)', 1),
(101, 'Arrêté du 24 juillet 2006 modifié (dispositions particulières applicables aux petits hôtels PO)', 1),
(102, 'Arrêté du 6 janvier 1983 modifié (dispositions particulières applicables aux établissements du type PA)', 1),
(103, 'Arrêté du 6 janvier 1983 modifié (dispositions particulières applicables aux établissements du type SG)', 1),
(104, 'Arrêté du 9 janvier 1990 modifié (dispositions particulières applicables aux établissements du type EF)', 1),
(105, 'Arrêté du 24 décembre 2007 (dispositions particulières applicables aux établissements du type GA)', 1),
(106, 'Arrêté du 9 mai 2006 (dispositions particulières applicables aux établissements du type PS)', 1),
(107, 'Code de l’Urbanisme, articles R 111-1 à R 111-4', 1),
(108, '­Code de la Construction et de l’Habitation (articles R 111-1 à R 111-17)(habitations)', 1),
(109, '­Décret n° 69-596 du 14 Juin 1969, fixant les règles générales de construction des bâtiments d''habitation', 1),
(110, 'Décret n° 2011-36 du 10 janvier 2011 relatif à l’installation de détecteurs de fumée dans tous les lieux d’habitation', 1),
(111, 'Arrêté du 18 octobre 1977 modifié portant règlement de sécurité pour la construction des immeubles de grande hauteur et leur protection contre les risques d''incendie et de panique', 1),
(112, 'Décret n°95-260 du 8 mars 1995 modifié relatif à la Commission Consultative Départementale de Sécurité et d’Accessibilité', 1);

-- --------------------------------------------------------

--
-- Structure de la table `prescriptiontype`
--

CREATE TABLE IF NOT EXISTS `prescriptiontype` (
  `ID_PRESCRIPTIONTYPE` bigint(20) NOT NULL AUTO_INCREMENT,
  `PRESCRIPTIONTYPE_CATEGORIE` bigint(20) DEFAULT NULL,
  `PRESCRIPTIONTYPE_TEXTE` bigint(20) DEFAULT NULL,
  `PRESCRIPTIONTYPE_ARTICLE` bigint(20) DEFAULT NULL,
  `PRESCRIPTIONTYPE_LIBELLE` text,
  `PRESCRIPTIONTYPE_NUM` int(3) DEFAULT '999',
  PRIMARY KEY (`ID_PRESCRIPTIONTYPE`)
) ENGINE=InnoDB  DEFAULT CHARSET=utf8 AUTO_INCREMENT=98 ;

--
-- Contenu de la table `prescriptiontype`
--

INSERT INTO `prescriptiontype` (`ID_PRESCRIPTIONTYPE`, `PRESCRIPTIONTYPE_CATEGORIE`, `PRESCRIPTIONTYPE_TEXTE`, `PRESCRIPTIONTYPE_ARTICLE`, `PRESCRIPTIONTYPE_LIBELLE`, `PRESCRIPTIONTYPE_NUM`) VALUES
(1, 1, 1, 1, '    § 1. Le dossier permettant de vérifier la conformité d''un établissement recevant le public avec les règles de sécurité tel que prévu à l''article R. 123-22 du code de la construction et de l''habitation doit contenir :\r\n\r\n    - une notice récapitulant les dispositions prises pour satisfaire aux mesures prévues par le règlement de sécurité ;\r\n\r\n    - un plan de situation, des plans de masse et de façades des constructions projetées faisant ressortir, d''une part, les conditions d''accessibilité des engins de secours, et plus particulièrement les largeurs des voies et les emplacements des baies d''intervention pompiers, et, d''autre part, la présence de tout bâtiment ou local occupé par des tiers ;\r\n\r\n    - afin de vérifier des points particuliers concernant le règlement de sécurité, des plans de coupe et des plans de niveaux, ainsi qu''éventuellement ceux des planchers intermédiaires aménagés dans la hauteur comprise entre deux niveaux ou entre le dernier plancher et la toiture du bâtiment ;\r\n\r\n    - lorsque le projet nécessite une demande de dérogation au présent règlement, le dossier doit comporter pour chaque point dérogatoire une fiche indiquant notamment les règles auxquelles il est demandé de déroger (références articles et libellé du point de la règle concernée), les éléments du projet auxquels elles s''appliquent (localisation sur les plans) et la justification des demandes (motivation et mesures compensatoires proposées).\r\n\r\n    En application du second principe de l''article GN 8, le dossier de sécurité devra également présenter la ou les solutions retenues pour l''évacuation des personnes de chaque niveau de la construction en tenant compte des différentes situations de handicap.\r\n\r\n    Commentaire § 1\r\n\r\n    § 2. Les documents de détail intéressant les installations techniques doivent pouvoir être fournis par le constructeur ou l''exploitant avant le début des travaux portant sur ces installations ; ils sont alors communiqués à la commission de sécurité.\r\n\r\n    Les chapitres ci-après du présent titre fixent pour chacune des installations la liste des documents.\r\n', 999),
(4, 2, 3, 4, '§ 2. (Arrêté du 23 janvier 2004) « Section de voie utilisable pour la mise en station des échelles aériennes (en abrégé voie échelle) :\r\n\r\nPartie de voie utilisable par les engins de secours dont les caractéristiques ci-dessus sont complétées et modifiées comme suit :\r\n\r\n    - la longueur minimale est de 10 mètres ;\r\n\r\n    - la largeur libre minimale de la chaussée est portée à 4 mètres ;\r\n\r\n    - la pente maximale est ramenée à 10 % ;\r\n\r\n    - la disposition par rapport à la façade desservie permet aux échelles aériennes d''atteindre un point d''accès (balcons, coursives, etc.) à partir duquel les sapeurs-pompiers doivent pouvoir atteindre toutes les baies de cette façade, la distance maximale entre deux points d''accès ne devant jamais excéder 20 mètres ; »\r\n\r\nSi cette section de voie n''est pas sur la voie publique, elle doit lui être raccordée par une voie utilisable par les engins de secours.\r\n\r\nLorsque cette section est en impasse, sa largeur minimale est portée à 10 mètres, avec une chaussée libre de stationnement de 7 mètres de large au moins. »', 999),
(5, 5, 16, 0, 'Service sécurité incendie : le service de sécurité incendie est défini à l''article MS 46.\r\n\r\nService de représentation : le service de représentation est composé de personnel formé conformément aux dispositions de l''article MS 48, et vient en complément du service de sécurité incendie pendant la durée des représentations.\r\n\r\nLes agents du service de représentation doivent connaître l''établissement et être munis notamment de moyens de communication. Ils seront plus particulièrement chargés :\r\n\r\n    -  de la surveillance de la salle et de la scène ;\r\n\r\n    -  d''assurer la vacuité et la permanence des cheminements d''évacuation jusqu''à la voie publique.\r\n\r\nL''organisation du service de sécurité incendie et de représentation est déterminée suivant la nature de l''activité.\r\n\r\n§ 1. Organisation du service de sécurité incendie dans les salles de spectacles :\r\nÉTABLISSEMENT\r\n	\r\nSERVICE DE SÉCURITÉ INCENDIE\r\nSection IV du chapitre XI\r\ndu livre II titre Ier\r\n	\r\nSERVICE DE REPRÉSENTATION\r\nqui vient en complément du service de sécurité incendie. Il ne peut être distrait de ses missions spécifiques\r\n1re catégorie de plus de 3 000 personnes.\r\n	\r\nAgents de sécurité incendie conforme à l''article MS 46.\r\n	\r\n1 SSIAP 2.\r\n2 SSIAP 1 majorés d''un SSIAP 1 à partir de 6 000 personnes par fraction supplémentaire de 3 000 personnes.\r\n1re catégorie de 1 501 à 3 000 personnes.\r\n	\r\nAgents de sécurité incendie pouvant, par dérogation aux dispositions de l''article MS 46 (§ 2), être employés à d''autres tâches.\r\n	\r\n1 SSIAP 1.\r\n2e catégorie avec espace scénique intégré ou adossé et décors de catégorie M2, ou classés C-s2, d0 ou bois classé M3.\r\n	\r\nUn agent de sécurité incendie et deux personnes désignées qui peuvent toutes les deux être employées à d''autres tâches.\r\n	\r\n1 SSIAP 1.\r\n3e et 4e catégories avec espace scénique intégré ou adossé et décors de catégorie M2, ou classés C-s2, d0 ou bois classé M3.\r\n	\r\nDeux personnes désignées qui peuvent toutes les deux être employées à d''autres tâches.\r\n	\r\n1 SSIAP 1.\r\nAutres établissements.\r\n	\r\nUne personne désignée qui peut être employée à d''autres tâches.\r\n	\r\nAucune disposition à prévoir.\r\n\r\n§ 2. Organisation du service de sécurité incendie dans les salles de projection :\r\nÉTABLISSEMENT\r\n	\r\nSERVICE DE SÉCURITÉ INCENDIE\r\ndes salles de projections\r\n1re catégorie de plus de 3 000 personnes.\r\n	\r\nDes agents de sécurité incendie conformes aux dispositions de l''article MS 46, seul le chef d''équipe ne peut pas être employé à d''autres tâches.\r\n1re catégorie.\r\n	\r\nMS 46, des personnes désignées et qui peuvent toutes être employées à d''autres tâches.\r\nAutres établissements.\r\n	\r\nUne personne désignée qui peut être employée à d''autres tâches.\r\n\r\n§ 3. Organisation du service de sécurité incendie dans les autres établissements de type L :\r\nÉTABLISSEMENT\r\n	\r\nSERVICE DE SÉCURITÉ INCENDIE\r\nautres établissements\r\n1re catégorie de plus de 3 000 personnes.\r\n	\r\nAgents de sécurité incendie conformes aux dispositions de l''article MS 46.\r\n1re catégorie.\r\n	\r\nAgents de sécurité incendie pouvant, par dérogation aux dispositions de l''article MS 46 (§ 2), être employés à d''autres tâches.\r\nAutres établissements.\r\n	\r\nUne personne désignée qui peut être employée à d''autres tâches.\r\n\r\n§ 4. Toutes les personnes désignées doivent avoir reçu une formation de sécurité incendie.\r\n\r\nLa composition du service de sécurité incendie et de représentation peut être modifiée, après avis de la sous-commission départementale pour la sécurité contre les risques d''incendie et de panique dans les établissements recevant du public et les immeubles de grande hauteur.\r\n\r\nEn aggravation des dispositions de l''article GN 10, les dispositions du présent article sont applicables à tous les établissements existants un an après la date de publication au Journal officiel du présent arrêté. (*)', 999),
(10, 1, 1, 1, 'Le dossier permettant de vérifier la conformité d''un établissement recevant le public avec les règles de sécurité, prévu par le b de l''article R. 111-19-17, comprend les pièces suivantes :\r\n1° Une notice descriptive précisant les matériaux utilisés tant pour le gros œuvre que pour la décoration et les aménagements intérieurs ;\r\n2° Un ou plusieurs plans indiquant les largeurs des passages affectés à la circulation du public, tels que dégagements, escaliers, sorties, la ou les solutions retenues pour l''évacuation de chaque niveau de la construction en tenant compte des différents types et situations de handicap ainsi que les caractéristiques des éventuels espaces d''attente sécurisés.\r\nCes plans et tracés de même que leur présentation doivent être conformes aux normes en vigueur.', 999),
(12, 1, 1, 7, 'Placer le groupement d''exploitation sous une direction unique, responsable auprès des autorités publiques des demandes d''autorisation et de l''observation des conditions de sécurité tant pour l''ensemble des exploitations que pour chacune d''entre elles.\r\n\r\nCe groupement doit faire l''objet d''un examen spécial de la commission de sécurité compétente qui, selon la catégorie, le type et la situation de chacune des exploitations composant le groupement, détermine les dangers que présente pour le public l''ensemble de l''établissement et propose les mesures de sécurité jugées nécessaires.\r\n\r\nTout changement dans l''organisation de la direction, qu''il s''agisse ou non d''un démembrement de l''exploitation, doit faire l''objet d''une déclaration au maire qui impose, après avis de la commission de sécurité compétente, les mesures complémentaires rendues éventuellement nécessaires par les modifications qui résultent de cette nouvelle situation', 999),
(13, 1, 1, 8, 'Les constructeurs, installateurs et exploitants sont tenus, chacun en ce qui le concerne, de s''assurer que les installations ou équipements sont établis, maintenus et entretenus en conformité avec les dispositions de la présente réglementation. A cet effet, ils font respectivement procéder pendant la construction et périodiquement en cours d''exploitation aux vérifications nécessaires par les organismes ou personnes agréés dans les conditions fixées par arrêté du ministre de l''Intérieur (*). Le contrôle exercé par l''administration ou par les commissions de sécurité ne les dégage pas des responsabilités qui leur incombent personnellement.', 999),
(15, 1, 1, 10, 'Solliciter le passage de la commission de sécurité  à l''issue des travaux de cet établissement. Cette demande doit être formulée au Maire de la commune concernée qui avisera le secrétariat de la commission et ce, au moins 1 mois avant la date fixée.', 999),
(16, 5, 14, 11, 'Fournir à la commission de sécurité les procès-verbaux de classement en réaction ou en résistance au feu des matériaux et éléments de construction utilisés.', 999),
(17, 5, 14, 12, 'Veiller à ce que les travaux qui feraient courir un danger quelconque au public ou qui apporteraient une gêne à son évacuation soient effectués en dehors de sa présence.', 999),
(18, 10, 19, 5, 'Transmettre à la commission de sécurité, au moins deux jours ouvrés avant la date de la visite, les documents suivants :\r\n- l''attestation par laquelle le maître de l''ouvrage certifie avoir fait effectuer l''ensemble des contrôles et vérifications techniques relatifs à la solidité conformément aux textes en vigueur ;\r\n- l''attestation du bureau de contrôle, lorsque son intervention est obligatoire, précisant que la mission solidité a bien été exécutée. Cette attestation est complétée par les relevés de conclusions des rapports de contrôle, attestant de la solidité de l''ouvrage. Ces documents sont fournis par le maître d''ouvrage ;\r\n- les rapports relatifs à la sécurité des personnes contre les risques d''incendie et de panique établis par les personnes ou organismes agréés lorsque leur intervention est requise.\r\n\r\nEn l''absence de ces documents, la commission de sécurité compétente ne pourra se prononcer.', 999),
(19, 5, 15, 13, 'Fournir un dossier permettant de vérifier la conformité de l''établissement recevant le public avec les règles de sécurité tel que prévu à l''article R. 123-22 du code de la construction et de l''habitation doit contenir :\r\n- une notice récapitulant les dispositions prises pour satisfaire aux mesures prévues par le règlement de sécurité ;\r\n- un plan de situation, des plans de masse et de façades des constructions projetées faisant ressortir, d''une part, les conditions d''accessibilité des engins de secours, et plus particulièrement les largeurs des voies et les emplacements des baies d''intervention pompiers, et, d''autre part, la présence de tout bâtiment ou local occupé par des tiers ;\r\n- afin de vérifier des points particuliers concernant le règlement de sécurité, des plans de coupe et des plans de niveaux, ainsi qu''éventuellement ceux des planchers intermédiaires aménagés dans la hauteur comprise entre deux niveaux ou entre le dernier plancher et la toiture du bâtiment ;\r\n- lorsque le projet nécessite une demande de dérogation au présent règlement, le dossier doit comporter pour chaque point dérogatoire une fiche indiquant notamment les règles auxquelles il est demandé de déroger (références articles et libellé du point de la règle concernée), les éléments du projet auxquels elles s''appliquent (localisation sur les plans) et la justification des demandes (motivation et mesures compensatoires proposées).\r\nEn application du second principe de l''article GN 8, le dossier de sécurité devra également présenter la ou les solutions retenues pour l''évacuation des personnes de chaque niveau de la construction en tenant compte des différentes situations de handicap.\r\n§ 2. Les documents de détail intéressant les installations techniques doivent pouvoir être fournis par le constructeur ou l''exploitant avant le début des travaux portant sur ces installations ; ils sont alors communiqués à la commission de sécurité.', 999),
(20, 5, 15, 14, 'Afficher à l’entrée de l’établissement, et d’une façon apparente, l’avis relatif au contrôle de la sécurité.\r\nCet avis dûment rempli par l’exploitant et sous sa responsabilité, doit être visé par l’autorité ayant délivré l’autorisation d’ouverture.', 999),
(22, 1, 1, 16, 'Fournir un dossier d''autorisation de travaux pour toute création, aménagement ou modification d''un établissement recevant du public. Ces travaux ne peuvent être exécutés qu''après autorisation délivrée par l''autorité administrative.', 999),
(23, 1, 1, 17, 'Fournir un échéancier de travaux permettant de lever toutes les prescriptions.', 999),
(24, 5, 14, 18, 'Les appareils ou équipements doivent être conformes soit aux normes françaises, soit aux normes européennes harmonisées, soit aux normes ou spécifications techniques d’autres états de l’Union Européenne reconnues conformément à l’article GN 14 du règlement de sécurité.', 999),
(25, 5, 15, 19, 'Permettre l''accès des engins de secours par une voie d''une largeur minimale de 8 mètres, comportant une chaussée répondant aux caractéristiques suivantes, quel que soit le sens de la circulation suivant lequel elle est abordée à partir de la voie publique :\r\nLargeur, bandes réservées au stationnement exclues :\r\n- Largeur de 3 mètres pour une voie dont la largeur est comprise entre 8 et 12 mètres,\r\n- Largeur de 6 mètres pour une voie dont la largeur est égale ou supérieure à 12 mètres,\r\n- Force portante calculée pour un véhicule de 160 kilonewtons avec un maximum de 90 kilos newtons par essieu, ceux-ci étant distants de 3,60 mètres au minimum,\r\n- Résistance au poinçonnement 80 N/cm2 sur une surface minimale de 0,20 m2,\r\n- Rayon intérieur minimum de 11 mètres,\r\n- Sur largeur S = 15/R dans les virages de rayon intérieur inférieur à 50 m,\r\n- hauteur libre de 3,50 mètres,\r\n- pente inférieure à 15 %.', 999),
(26, 5, 15, 20, 'Permettre l''accès des échelles aériennes en aménageant une section de voie utilisable pour leur mise en station ayant les caractéristiques de la voie engins, complétées et modifiées comme suit : \r\n- La longueur minimale est de 10 mètres,\r\n- La largeur libre minimale de la chaussée est portée à 4 mètres (largeur, bandes réservées au stationnement exclues),\r\n- La pente maximum est ramenée à 10 %,\r\n- la disposition par rapport à la façade desservie permet aux échelles aériennes d''atteindre un point d''accès (balcons, coursives, etc.) à partir duquel les sapeurs-pompiers doivent pouvoir atteindre toutes les baies de cette façade, la distance maximale entre deux points d''accès ne devant jamais excéder 20 mètres .                                                              Si cette section de voie n''est pas sur la voie publique, elle doit lui être raccordée par une voie utilisable par les engins de secours.\r\nLorsque cette section est en impasse, sa largeur est portée à 10 mètres avec une chaussée libre de stationnement de 7 mètres de large au moins.', 999),
(27, 5, 15, 21, 'Recouper les circulations horizontales encloisonnées, tous les 25 à 30 mètres, par des parois et blocs portes pare flammes  de degré ½ heure munis de ferme porte \r\nSi ces portes peuvent être utilisées dans les deux sens pour gagner une sortie vers l''extérieur, elles devront obligatoirement s''ouvrir en va-et-vient et être vitrées à hauteur de vue. Les couleurs rouge et orange sont interdites.', 999),
(28, 5, 15, 22, 'Recouper les combles inaccessibles par des éléments en matériaux de catégorie M0 ou par des parois pare flammes de degré ¼ d''heure.\r\nLes cellules ainsi formées devront avoir une superficie maximale de 300 m² la plus grande dimension n''excédant pas 30 mètres.\r\nCe recoupement n''est pas exigé si les vides ci-dessus sont protégés par « un système d''extinction automatique du type sprinkleur », ou se trouvent à l''intérieur des compartiments définis à l''article CO 25.', 999),
(29, 5, 15, 23, 'Isoler le local à risques importants :\r\n- plancher haut et parois coupe-feu de degré deux heures ;\r\n- dispositif de communication, s’ouvrant dans le sens de la sortie, coupe-feu de degré une heure équipé d’un ferme-porte ;\r\n- pas de communication directe avec des locaux et dégagements accessibles au public ;\r\n- les conduits éventuels devront répondre aux conditions fixées par l’article CO32 et CO33. ', 999),
(30, 5, 15, 24, 'Isoler ..... comme un local à risques moyens, à savoir : \r\n- plancher haut et parois coupe-feu de degré une heure ;\r\n- dispositif de communication coupe-feu de degré une demi-heure équipé d’un ferme-porte ;\r\n- les conduits éventuels devront répondre aux conditions fixées par l’article CO31', 999),
(31, 5, 15, 25, 'Isoler le ou les logements de fonction du reste de la construction par des parois présentant les caractéristiques de résistance au feu des locaux réservés au sommeil et par un bloc porte coupe-feu de degré ½  heure doté de ferme porte.', 999),
(32, 5, 15, 26, 'Supprimer les marches isolées dans les circulations principales ou les remplacer soit par des pentes au plus égale à 10 % soit par des groupes de 3 marches au moins.', 999),
(33, 5, 15, 27, 'Veiller à ce que les dégagements (sorties, sorties de secours, circulations horizontales et verticales etc...) soient maintenus libres en permanence afin de permettre une évacuation sûre et rapide du public.', 999),
(34, 5, 15, 28, 'Limiter à 19 personnes, l’occupation des salles ne comportant qu''une seule sortie ou créer une seconde sortie judicieusement répartie.', 999),
(35, 5, 15, 29, 'Indiquer, de façon bien lisibles de jour et de nuit, les cheminements empruntés par le public pour l''évacuation de l''établissement et placer ces indications de façon telle que, de tout point accessible au public, celui-ci en aperçoive toujours au moins une, même en cas d''affluence. « Cette signalisation doit être assurée par des panneaux opaques ou transparents, lumineux, de forme rectangulaire, conformes à la norme NF X 08-003 relative aux couleurs et signaux de sécurité, à l''exception des signaux normalisés pour sortie et issue de secours n° 50041, 50042 et 50044 dont l''utilisation est interdite dans les établissements recevant du public. »\r\n" Les signaux blancs sur fond vert, notamment les flèches directionnelles, sont réservés exclusivement au balisage des dégagements". ', 999),
(36, 5, 15, 30, 'Equiper les blocs portes à 2 vantaux résistant au feu et dotés de ferme porte, d''un dispositif permettant d''assurer la fermeture complète de ces vantaux.', 999),
(37, 5, 15, 31, 'Faire procéder au réglage des fermes portes et des sélecteurs de fermeture équipant les blocs portes résistant au feu.', 999),
(38, 5, 15, 32, 'Faire ouvrir les portes de sortie normales et de secours dans le sens d''évacuation et sous une simple poussée, ou par manœuvre facile d''un seul dispositif par vantail tel que bec-de-cane, poignée tournante, crémone à poignée ou à levier ou de tout autre dispositif approuvé par la commission de sécurité. Lorsque le dispositif d''ouverture choisi est une barre anti-panique, celle-ci doit être conforme aux normes françaises.', 999),
(39, 5, 15, 33, 'Inverser le sens d''ouverture de la porte de …………., celle-ci doit débattre vers l''extérieur. Les portes des locaux en cul-de-sac risquant d''être confondues avec des issues d''évacuation doivent s''ouvrir en débattant vers l''extérieur de ces locaux et être signalées par une inscription « Sans issue », non lumineuse et pour laquelle la couleur verte est interdite.', 999),
(40, 5, 15, 34, 'Veiller à ce que les portes des issues de secours soient déverrouillées pendant la présence du public et s''ouvrent dans le sens de l''évacuation.', 999),
(41, 5, 15, 35, 'S''assurer que les portes résistant au feu et qui pour des raisons d''exploitation sont maintenues ouvertes, soient à fermeture automatique et répondent néanmoins aux dispositions suivantes :\r\n- Comporter sur la face apparente, en position d''ouverture une plaque signalétique, portant en lettres blanches sur fond rouge, la mention "Portes coupe-feu - ne mettez pas d''obstacle à la fermeture"'' ;\r\n- Etre équipées de ferme porte ;\r\n- Etre maintenues ouvertes par un dispositif qui provoque leur fermeture automatique en cas de sinistre.\r\nEn outre, la fermeture de chaque porte doit être commandée manuellement et :\r\na) Soit par asservissement à une installation fixe de détection automatique si elle existe ;\r\nb) Soit par un détecteur autonome déclencheur sensible aux fumées et gaz de combustion ;\r\nc) Soit par asservissement à l’équipement d’alarme.', 999),
(42, 5, 15, 36, 'Utiliser des vitrages de portes de circulations ou en façade qui répondent aux dispositions du Document Technique Unifié n° 39.4 en ce qui concerne le produit verrier à utiliser et à la visualisation des portes, pour assurer la sécurité des personnes en cas de heurts.', 999),
(43, 5, 15, 37, 'Disposer une main courante dans les escaliers ayant au moins une unité de passage. Ceux d''une largeur de deux unités de passage ou plus doivent comporter une main courante de chaque côté.', 999),
(44, 5, 15, 38, 'Veiller à ce que les volumes d''encloisonnement des cages d''escaliers ne donnent accès à aucun local annexe (locaux de service, dépôts, salles, sanitaires, etc...)', 999),
(45, 5, 15, 39, 'Permettre le désenfumage de l''escalier en créant en partie haute de cette cage un châssis s''ouvrant soit directement sur l''extérieur soit par l''intermédiaire d’une gaine conforme à l’instruction technique n°246 communiquant avec l''extérieur.\r\nL''ouverture de ce châssis doit se faire par une commande manuelle rapportée au niveau du rez-de-chaussée et parfaitement signalée.', 999),
(46, 5, 15, 40, 'Veiller à ce que les structures de chaque bâtiment soient conçues de la manière suivante :  \r\n- Soit l''effondrement de l''un n''entraîne pas l''effondrement de l''autre, \r\n- Soit les structures principales présentent une stabilité au feu de même degré que le degré coupe-feu des parois d’isolement.', 999),
(47, 5, 15, 41, 'Mettre en place un éclairage d’évacuation dans les locaux :\r\n- Recevant 50 personnes et plus ;\r\n- D’une surface de plus de 300 m2 au rez-de-chaussée et en étage ;\r\n- D’une surface de plus de 100 m2 en sous-sol.', 999),
(48, 5, 15, 42, 'Mettre en place un éclairage d’ambiance ou d’anti-panique dans les locaux ou halls :\r\n- Recevant au rez-de-chaussée et en étage 100 personnes et plus ;\r\n- Recevant en sous-sol 50 personnes et plus.', 999),
(50, 5, 15, 44, 'Proscrire l''utilisation des fiches multiples et limiter l''emploi des rallonges avec socles multiples.', 999),
(51, 5, 15, 45, 'Mettre en place un dispositif d''arrêt d''urgence permettant de mettre hors tension les installations électriques à l''exception de celles concourant à la sécurité. Il devra être clairement identifié, inaccessible au public et facile à atteindre par les services de secours.', 999),
(52, 5, 15, 46, 'Remettre en état les blocs autonomes d''éclairage de sécurité.', 999),
(53, 5, 15, 47, 'Doter les locaux «service électrique» de moyens de secours adaptés aux risques électriques.\r\nCes appareils portatifs doivent  porter des signes distinctifs bien visibles indiquant qu''ils sont utilisables pour un feu se produisant en présence de conducteurs ou d''appareils électriques.', 999),
(54, 5, 15, 48, 'Mettre en place dans le local «service électrique» un éclairage de sécurité constitué par un ou des blocs autonomes ou luminaires alimentés par la source centralisée, d''une part, et par un ou des blocs autonomes portables d''intervention (BAPI), d''autre part.', 999),
(55, 5, 15, 49, 'Réaliser la ventilation des grandes cuisines isolées de manière à ce que le système de ventilation naturel ou mécanique doit permettre l''amenée d''air et l''évacuation de l''air vicié, des buées et des graisses.\r\nL''amenée d''air ne peut être mécanique que si l''évacuation est mécanique.\r\nLe circuit d''évacuation de l''air vicié, des buées et des graisses doit présenter les caractéristiques suivantes :\r\na) Les hottes ou les dispositifs de captation sont placés au-dessus des appareils de cuisson et construits en matériaux classés M0 ou A2-sl, d0 ;\r\nb) Les conduits d''évacuation doivent être métalliques et rigides ;\r\nc) A l''intérieur du bâtiment et en dehors du volume de la grande cuisine, les conduits et leur gaine éventuelle doivent assurer un degré coupe-feu de traversée équivalent au degré coupe-feu des parois traversées avec un minimum de 60 minutes ou El 60 (i↔o) ;\r\nd) Les hottes ou les dispositifs de captation doivent comporter des éléments permettant de retenir les graisses et pouvant être facilement nettoyés et remplacés.', 999),
(56, 5, 15, 50, 'Réaliser le système de ventilation doit permettre l''amenée d''air, l''évacuation de l''air vicié, des buées et des graisses ainsi que l''évacuation des fumées en cas d''incendie.\r\nLe dispositif d''extraction doit être mécanique.\r\nLorsque l''amenée d''air est mécanique, son fonctionnement doit être asservi à celui de l''extraction.\r\nLe système de ventilation doit présenter les caractéristiques décrites au paragraphe 2 de l''article GC 10 complétées par les dispositions suivantes :\r\na) Les ventilateurs d''extraction doivent assurer leur fonction pendant au moins une heure avec des fumées à 400° C ;\r\nb) Les liaisons entre le ventilateur d''extraction et le conduit doivent être en matériaux classés M0 ou A2-s1, d0 ;\r\nc) Les canalisations électriques alimentant les ventilateurs doivent être de catégorie CR 1, issues directement du tableau principal du bâtiment ou de l''établissement et sélectivement protégées de façon à ne pas être affectées par un incident survenant sur un autre circuit ;\r\nd) Pour assurer l''évacuation des fumées en cas d''incendie, le fonctionnement des ventilateurs doit pouvoir être obtenu par un dispositif à commande manuelle, celle-ci étant placée à un endroit facilement accessible dans la grande cuisine et correctement identifiée par une plaque indélébile comprenant l''inscription « évacuation de fumées.', 999),
(57, 5, 15, 51, 'Concevoir le dispositif d’arrêt d’urgence, de l’alimentation en énergie électrique des appareils de cuisson et des appareils de remise en température, de façon à ce qu’il ne coupe pas les dispositifs de ventilation contribuant à l’évacuation des fumées en cas d’incendie.', 999),
(58, 5, 15, 52, 'Concevoir le dispositif d’arrêt d’urgence par électrovanne, de l’alimentation en énergie gaz des appareils de cuisson et des appareils de remise en température, conformément à l’article GC14§2.\r\n- L’électrovanne est à réarmement manuel,\r\n- Sa commande peut-être commune avec celle du dispositif d’arrêt d’urgence de l’énergie électrique.\r\n- Si l’alimentation en gaz du local ne dessert que des appareils de cuisson et des appareils de remise en température, le dispositif d’arrêt d’urgence tient lieu d’organe de coupure (Article GZ15)', 999),
(59, 5, 15, 53, 'Afficher près du dispositif d’arrêt d’urgence, de l’alimentation en énergie gaz des appareils de cuisson et des appareils de remise en température, des consignes précises concernant la réutilisation des brûleurs.', 999),
(60, 5, 15, 54, 'Installer un organe de coupure gaz  de bâtiment répondant aux prescriptions suivantes :\r\n- Etre situé au plus prêt de la pénétration de la canalisation dans le bâtiment,\r\n- Etre placé au pied du bâtiment dans le cadre d’une colonne montante extérieure,\r\n- Etre à fermeture rapide type ¼ de tour ou à poussoir et à commande manuelle,\r\n- Etre bien signalé, muni d''une plaque d''identification indélébile et accessible en permanence au niveau du sol,\r\n- Etre muni d''une plaque portant la mention "à ne rouvrir que par une personne habilitée".', 999),
(61, 5, 15, 55, 'Implanter des R.I.A. de manière que tout point de la surface  soit atteinte au minimum par deux jets de lance.\r\nUn manomètre avec robinet à trois voies devra être mis en place près du R.I.A. le plus défavorisé pour lequel la pression minimale ne pourra être inférieure à 2,5 bars. ', 999),
(62, 5, 15, 56, 'Limiter la hauteur de stockage pour que l''aménagement et l''exploitation des locaux protégés ne s''oppose pas au fonctionnement dans les meilleurs délais et à pleine efficacité du système d''extinction automatique.', 999),
(63, 5, 15, 57, 'S''assurer que toutes les zones de la cellule soient défendues par le sprinkler et surveillées par la détection automatique d''incendie (vitrines comprises).', 999),
(64, 5, 15, 58, 'Répartir les moyens d''extinction de préférence dans les dégagements, en des endroits visibles et facilement accessibles. Ils peuvent être protégés à condition de faire l''objet d''une signalisation claire. Ils ne doivent pas apporter de gêne à la circulation des personnes et leur emplacement, repéré par une signalisation durable, doit être tel que leur efficacité ne risque pas d''être compromise par les variations éventuelles de température survenant dans l''établissement.\r\nLes extincteurs portatifs doivent être judicieusement répartis et appropriés aux risques notamment électriques qu''ils doivent combattre. Il y a un minimum d''un appareil pour 200 m2 et par niveau, avec un minimum de deux par établissement. Ils doivent être accrochés à un élément fixe, avec une signalisation durable, sans placer la poignée de portage à plus de 1,20 m du sol.', 999),
(65, 5, 15, 59, 'Afficher les consignes de sécurité de manière visible sur un support fixe inaltérable. Ces consignes devront être conformes à la norme NFS 60-303 et indiquer:\r\n- les modalités d''alerte des sapeurs-pompiers ;\r\n- les dispositions à prendre pour assurer la sécurité du public et du personnel ;                                                                                                 \r\n- les dispositions à prendre pour favoriser l''évacuation des personnes en situation de handicap ou leur évacuation différée si celle-ci est rendue nécessaire ;                                                                                                                                                                     - la mise en œuvre des moyens de secours de l''établissement ;\r\n- l''accueil et le guidage des sapeurs-pompiers. ', 999),
(66, 5, 15, 60, 'Instruire le personnel sur la conduite à tenir en cas d’incendie, à la manœuvre des moyens de secours et à l’évacuation du public sous la responsabilité du chef d’établissement.Des exercices d’instruction doivent être organisés et la date de ceux-ci portée sur le registre de sécurité.', 999),
(67, 5, 15, 61, 'Mettre, à disposition exclusive des personnels chargés de la sécurité incendie, un poste de sécurité.\r\nCe poste, d''accès aisé et si possible au niveau d''arrivée des secours extérieurs, doit être, sauf cas particulier, relié au centre de secours des sapeurs-pompiers par un moyen de transmission rapide et sûr.\r\nLorsque le service est assuré par des agents de sécurité incendie, le poste doit être occupé en permanence par une personne au moins.\r\nLe poste de sécurité doit notamment recevoir les alarmes restreintes transmises par postes téléphoniques, avertisseurs manuels, installations de détection et/ou d''extinction automatique. De plus, des commandes manuelles des dispositifs d''alarme, de désenfumage mécanique, de conditionnement, etc., doivent être installées à l''intérieur de celui-ci.\r\nLe poste de sécurité et ses accès doivent être convenablement protégés contre un feu survenant dans l''établissement.)', 999),
(68, 5, 15, 62, 'S’assurer pendant l’occupation de l’établissement par du public, de la présence de l''exploitant ou son représentant  pour :\r\n- décider des éventuelles premières mesures de sécurité ;\r\n- assurer l''accès à tous les locaux communs ou recevant du public aux membres de la commission de sécurité lors des visites de sécurité en application de l''article R. 123-49 du code la construction et de l''habitation ;\r\n- assurer la mise à jour du registre de sécurité prévu à l''article R. 123-51 du code de la construction et de l''habitation.\r\nLorsque les conditions d''exploitation le justifient, il peut être admis par la commission de sécurité compétente que l''exploitant ou son représentant ne soit pas en permanence dans l''établissement sous réserve :\r\n- d''être joignable en permanence et en mesure de rejoindre l''établissement dans les délais les plus courts ;\r\n- que des consignes claires soient données au service de sécurité incendie présent sur le site', 999),
(69, 5, 15, 63, 'Etendre et adapter la détection incendie au nouvel aménagement de la cellule . Ces modifications devront être mises à jour dans le dossier d''identité SSI du Centre Commercial.', 999),
(70, 5, 15, 64, 'S''assurer qu''en présence du public un personnel permanent qualifié, susceptible d''alerter les sapeurs-pompiers et de mettre en œuvre les moyens de lutte contre l''incendie soit présent.\r\nToutes dispositions doivent être prises pour éliminer les fausses alarmes sans nuire à l''efficacité de l''installation.', 999),
(71, 5, 15, 65, 'Souscrire auprès d''un installateur qualifié un contrat de maintenance concernant la détection incendie associée à l''équipement d''alarme. Il doit inclure les essais fonctionnels. Ce contrat d''entretien ainsi que la notice descriptive des conditions d''entretien et de fonctionnement doivent être annexés au registre de sécurité.', 999),
(72, 5, 15, 66, 'Maintenir en bon état de fonctionnement le Système de Sécurité Incendie qui doit faire l''objet d''un contrat d''entretien renouvelé périodiquement, les défectuosités ainsi que les essais étant transcrits sur le registre de sécurité de l''établissement (Article MS 68). De plus, Il devra être vérifié tous les 3 ans par une personne ou un organisme agréé (Article MS 73).', 999),
(73, 5, 15, 67, 'Initier le personnel sur le fonctionnement de l’équipement d’alarme et s’assurer une fois par semaine au moins du bon fonctionnement de l’installation.L''exploitant doit faire effectuer sous sa responsabilité les remises en état le plus rapidement possible.\r\nL''exploitant doit disposer en permanence d''un stock de petites fournitures de rechange des modèles utilisés tels que lampes, fusibles, vitres pour déclencheurs manuels à bris de glace, cartouches de gaz inerte comprimé, etc.', 999),
(75, 5, 17, 68, 'Faire vérifier à la construction par des personnes ou des organismes agréés, les installations techniques suivantes : \r\n- Les systèmes de détection automatique d''incendie ;\r\n- Le désenfumage ;\r\n- Les installations électriques et l''éclairage de sécurité.\r\nTenir à la disposition de la Commission de Sécurité les rapports afférents avant l''ouverture au public de l''établissement. De plus, un contrat annuel d''entretien des systèmes de détection automatique d''incendie doit être souscrit par l''exploitant.\r\nLes autres installations techniques (chauffage, gaz, moyens de secours, etc...) pourront être vérifiées par des techniciens compétents.', 999),
(77, 5, 17, 69, 'Faire vérifier à la construction, puis périodiquement en cours d’exploitation, par des techniciens compétents, aux opérations d''entretien et de vérification des installations et des équipements techniques suivants :\r\na) Le désenfumage ;\r\nb) Les installations de chauffage ;\r\nc) Les installations de gaz combustibles et les appareils d''utilisation ;\r\nd) Les installations électriques ;\r\ne) L''éclairage de sécurité ;\r\nf) Les installations de cuisson destinées à la restauration ;\r\ng) Les ascenseurs ;\r\nh) Les moyens de secours contre l''incendie ;\r\ni) L’équipement d’alarme incendie.', 999),
(78, 5, 17, 70, 'Isoler l''établissement de tous bâtiments ou locaux occupés par des tiers, par des murs et planchers coupe-feu de degré 1 heure. Une porte d''intercommunication peut être aménagée sous réserve d''être coupe-feu de degré ½ heure et munie de ferme porte.', 999),
(79, 5, 17, 71, 'Les parois des conduits et des gaines reliant plusieurs niveaux doivent être réalisées en matériaux incombustibles et d''un degré coupe-feu égal à la moitié de celui retenu pour les planchers avec un minimum de 1/4 d''heure, les trappes étant pare-flammes du même degré.', 999),
(80, 5, 17, 72, 'Réaliser les installations électriques conformément aux normes les concernant et respecter notamment les mesures suivantes : \r\n- Les câbles ou conducteurs doivent être de la catégorie C2 ;\r\n- Interdire l''emploi de douilles voleuses ou de fiches multiples ;\r\n- Le nombre de prise de courant doit être adapté à l’utilisation pour limiter l’emploi des socles mobiles ;\r\n- Les prises de courant doivent être disposées de manière que les canalisations mobiles aient une longueur aussi réduite que possible et ne soient susceptibles de faire obstacle à la circulation des personnes.', 999),
(81, 5, 17, 73, 'Equiper :\r\na) Les escaliers ;\r\nb) Les circulations horizontales d''une longueur totale supérieure à 10 m ;\r\nc) Les circulations horizontales présentant un cheminement compliqué et notamment celles situées.... ;\r\nd) Les salles d''une superficie supérieure à 100 m²;\r\nD''une installation fixe d''éclairage de sécurité d’évacuation (blocs autonomes conformes à la norme NFC71-800 et admis à la marque NF AEAS', 999),
(82, 5, 17, 74, 'Veiller au bon fonctionnement de l''éclairage de sécurité, en particulier : (Article PE 4 §2)\r\n- Remettre en état les blocs autonomes d''éclairage de sécurité défectueux ;\r\n- Vérifier le fonctionnement chaque jour où l''établissement est ouvert au public ;\r\n- Vérifier chaque semaine :\r\n* le passage à la position de fonctionnement en cas de défaillance de l’alimentation normale ;\r\n* l''allumage de toutes les lampes ;\r\n* l''efficacité de la commande de mise en position de repos à distance.', 999),
(83, 5, 17, 75, 'Doter l''établissement d''au moins un extincteur portatif installé dans les conditions définies par l''article MS 39 et en atténuation de cet article avec un minimum d''un appareil pour 300 mètres carrés et un appareil par niveau.\r\nLorsqu''un appareil ou un dispositif d''extinction n''est pas apparent, il doit être signalé par un panneau conforme aux signaux normalisés d''indication de localisation d''un équipement de lutte contre l''incendie ou d''un autre moyen d''alarme ou d''alerte définis à la norme NF X 08-003 relative aux couleurs et signaux de sécurité.', 999),
(84, 5, 17, 76, 'Mettre en place un système d''alarme selon les modalités définies ci-dessous :\r\na) L''alarme générale est donnée dans l''établissement recevant du public, par bâtiment si l''établissement en comporte plusieurs ;\r\nb) Le signal sonore d''alarme générale ne doit pas permettre la confusion avec d''autres signalisations utilisées dans l''établissement. Il doit être audible de tout point du bâtiment pendant le temps nécessaire à l''évacuation ;\r\nc) Le personnel de l''établissement doit être informé de la caractéristique du signal sonore d''alarme générale.\r\nCette information peut être complétée par des exercices périodiques d''évacuation ;\r\nd) Le choix du matériel d''alarme est laissé à l''initiative de l''exploitant qui devra s''assurer de son efficacité ;\r\ne) Le système d''alarme doit être maintenu en bon état de fonctionnement.', 999),
(85, 5, 17, 77, 'Permettre la liaison avec les sapeurs pompiers par téléphone urbain.', 999),
(86, 5, 17, 78, 'Afficher bien en vue, des consignes indiquant :\r\na) \r\n- Le numéro d''appel des sapeurs pompiers ;\r\n- L''adresse du centre de secours de premier appel ;\r\n- Les dispositions immédiates à prendre en cas de sinistre.\r\nb) Un plan schématique, conforme à la norme NFS 60.302, sous forme d''une pancarte indestructible, apposée à l''entrée pour faciliter l''intervention des sapeurs pompiers.\r\nSur ce plan devront figurer l''emplacement des locaux techniques des stockages dangereux, des dispositifs de coupure des fluides et des commandes des équipements de sécurité.', 999),
(87, 5, 17, 79, 'Instruire le personnel sur la conduite à tenir en cas d''incendie et l''entraîner à la manœuvre des moyens de secours.', 999),
(88, 5, 17, 80, 'Ouvrir et tenir à jour un registre de sécurité. Ce document devra pouvoir être présenté à chaque visite de la commission de sécurité.', 999),
(89, 5, 14, 81, 'Proposer à la commission de sécurité un schéma de prise en charge des personnes à mobilité réduite en cas d’évacuation sur la base des principes suivants retenus par le règlement de sécurité :                                                \r\n1. Tenir compte de la nature de l''exploitation et en particulier de l''aide humaine disponible en permanence pour participer à l''évacuation ;\r\n2. Formaliser dans le dossier prévu à l''article R. 123-22 la ou les solutions retenues pour l''évacuation de chaque niveau de la construction en tenant compte des différentes situations de handicap ;\r\n3. Créer à chaque niveau des espaces d''attente sécurisés ;\r\n4. Créer des cheminements praticables, menant aux sorties ou aux espaces d''attente sécurisés ;\r\n5. Installer un équipement d''alarme perceptible tenant compte de la spécificité des locaux et des différentes situations de handicap des personnes amenées à les fréquenter isolément ;\r\n6. Garder au niveau de l''exploitant la trace de la (ou des) solution(s) retenue(s) par le maître d''ouvrage et validée(s) par la commission de sécurité compétente ;\r\n7. Elaborer sous l''autorité de l''exploitant les procédures et consignes d''évacuation prenant en compte les différents types de handicap.', 999),
(90, 5, 15, 82, 'Fournir le rapport de réception technique du système de sécurité incendie lors de la visite de la commission de sécurité.', 999),
(91, 1, 1, 9, 'Tenir un registre de sécurité sur lequel sont reportés les renseignements indispensables à la bonne marche du service de sécurité et, en particulier :\r\n- l''état du personnel chargé du service d''incendie ;\r\n- les diverses consignes, générales et particulières, établies en cas d''incendie, y compris les consignes d''évacuation prenant en compte les différents types de handicap ; \r\n- les dates des divers contrôles et vérifications ainsi que les observations auxquelles ceux-ci ont donné lieu ;\r\n- les dates des travaux d''aménagement et de transformation, leur nature, les noms du ou des entrepreneurs et, s''il y a lieu, de l''architecte ou du technicien chargé de surveiller les travaux', 999),
(92, 1, 1, 6, 'Les constructeurs, propriétaires et exploitants des établissements recevant du public sont tenus, tant au moment de la construction qu''au cours de l''exploitation, de respecter les mesures de prévention et de sauvegarde propres à assurer la sécurité des personnes ; ces mesures sont déterminées compte tenu de la nature de l''exploitation, des dimensions des locaux, de leur mode de construction, du nombre de personnes pouvant y être admises et de leur aptitude à se soustraire aux effets d''un incendie.', 999),
(93, 5, 15, 43, 'Interdire l''utilisation de radiateurs mobiles. Les appareils de production de chaleur ainsi que les canalisations doivent être fixes.', 999),
(94, 5, 17, 68, 'Faire vérifier à la construction par des personnes ou des organismes agréés, les installations techniques suivantes : \r\n- Les systèmes de détection automatique d''incendie ;\r\n- Le désenfumage ;\r\n- Les installations électriques et l''éclairage de sécurité.\r\nTenir à la disposition de la Commission de Sécurité les rapports afférents avant l''ouverture au public de l''établissement. De plus, un contrat annuel d''entretien des systèmes de détection automatique d''incendie doit être souscrit par l''exploitant.\r\nLes autres installations techniques (chauffage, gaz, moyens de secours, etc...) pourront être vérifiées par des techniciens compétents.', 999),
(95, 5, 17, 69, 'Faire vérifier à la construction, puis périodiquement en cours d’exploitation, par des techniciens compétents, aux opérations d''entretien et de vérification des installations et des équipements techniques suivants :\r\na) Le désenfumage ;\r\nb) Les installations de chauffage ;\r\nc) Les installations de gaz combustibles et les appareils d''utilisation ;\r\nd) Les installations électriques ;\r\ne) L''éclairage de sécurité ;\r\nf) Les installations de cuisson destinées à la restauration ;\r\ng) Les ascenseurs ;\r\nh) Les moyens de secours contre l''incendie ;\r\ni) L’équipement d’alarme incendie.', 999),
(96, 1, 1, 83, 'Avant toute réouverture de la cellule, il y aura lieu de fournir un dossier d''autorisation de travaux conformément à l''article R 123-22 du code de la construction et de l''habitation. Ces travaux ne peuvent être exécutés qu''après autorisation délivrée par l''autorité administrative. \r\nRappel: ne procéder à aucun stockage dans la cellule.', 999),
(97, 5, 15, 84, 'Afficher un plan schématique, sous forme de pancarte inaltérable, à chaque entrée de bâtiment de l''établissement pour faciliter l''intervention des sapeurs-pompiers.\r\nLe plan doit avoir les caractéristiques des plans d''intervention définies à la norme NF S 60-303 (Arrêté du 24 septembre 2009) « du 20 septembre 1987 » relative aux plans et consignes de protection contre l''incendie.\r\nIl doit représenter au minimum le sous-sol, le rez-de-chaussée, chaque étage ou l''étage courant de l''établissement.\r\nDoivent y figurer, outre les dégagements, (Arrêté du 24 septembre 2009) « les espaces d''attente sécurisés » et les cloisonnements principaux, l''emplacement :\r\n    - des divers locaux techniques et autres locaux à risques particuliers ;\r\n    - des dispositifs et commandes de sécurité ;\r\n    - des organes de coupure des fluides ;\r\n    - des organes de coupure des sources d''énergie ;\r\n    - des moyens d''extinction fixes et d''alarme. ', 999);

-- --------------------------------------------------------

--
-- Structure de la table `prescriptiontypeassoc`
--

CREATE TABLE IF NOT EXISTS `prescriptiontypeassoc` (
  `ID_PRESCRIPTIONTYPE` bigint(20) NOT NULL,
  `NUM_PRESCRIPTIONASSOC` int(11) NOT NULL,
  `ID_TEXTE` bigint(20) NOT NULL,
  `ID_ARTICLE` bigint(20) NOT NULL,
  PRIMARY KEY (`ID_PRESCRIPTIONTYPE`,`NUM_PRESCRIPTIONASSOC`),
  KEY `fk_prescriptiontypeassoc_prescriptiontype1_idx` (`ID_PRESCRIPTIONTYPE`)
) ENGINE=InnoDB DEFAULT CHARSET=utf8;

--
-- Contenu de la table `prescriptiontypeassoc`
--

INSERT INTO `prescriptiontypeassoc` (`ID_PRESCRIPTIONTYPE`, `NUM_PRESCRIPTIONASSOC`, `ID_TEXTE`, `ID_ARTICLE`) VALUES
(1, 1, 3, 41),
(4, 1, 3, 236),
(5, 1, 45, 37),
(9, 1, 71, 29),
(10, 1, 71, 29),
(12, 1, 71, 25),
(13, 1, 71, 12),
(15, 1, 71, 3),
(16, 1, 73, 128),
(17, 1, 73, 31),
(18, 1, 112, 462),
(18, 2, 112, 824),
(18, 3, 112, 825),
(19, 1, 73, 41),
(20, 1, 73, 13),
(22, 1, 71, 18),
(23, 1, 71, 6),
(24, 1, 71, 33),
(25, 1, 73, 236),
(26, 1, 73, 236),
(27, 1, 73, 473),
(28, 1, 73, 455),
(29, 1, 73, 15),
(30, 1, 73, 15),
(31, 1, 73, 456),
(32, 1, 73, 28),
(33, 1, 73, 22),
(34, 1, 73, 42),
(35, 1, 73, 50),
(36, 1, 73, 457),
(37, 1, 73, 457),
(38, 1, 73, 68),
(39, 1, 73, 68),
(40, 1, 73, 166),
(41, 1, 73, 429),
(42, 1, 73, 490),
(43, 1, 73, 163),
(44, 1, 73, 305),
(45, 1, 73, 305),
(46, 1, 73, 167),
(47, 1, 73, 458),
(48, 1, 73, 458),
(50, 1, 73, 365),
(51, 1, 73, 365),
(52, 1, 73, 120),
(53, 1, 73, 188),
(54, 1, 73, 188),
(55, 1, 73, 73),
(56, 1, 73, 459),
(57, 1, 73, 113),
(58, 1, 73, 113),
(59, 1, 73, 113),
(60, 1, 73, 69),
(61, 1, 73, 98),
(62, 1, 73, 23),
(63, 1, 73, 23),
(64, 1, 73, 40),
(65, 1, 73, 55),
(66, 1, 73, 92),
(67, 1, 73, 259),
(68, 1, 73, 193),
(69, 1, 73, 72),
(70, 1, 73, 100),
(71, 1, 73, 143),
(72, 1, 73, 143),
(73, 1, 73, 94),
(75, 1, 96, 86),
(77, 1, 96, 86),
(78, 1, 96, 203),
(79, 1, 96, 496),
(80, 1, 96, 131),
(81, 1, 96, 131),
(82, 1, 96, 131),
(83, 1, 96, 112),
(84, 1, 96, 84),
(85, 1, 96, 84),
(86, 1, 96, 84),
(87, 1, 96, 84),
(88, 1, 96, 169),
(89, 1, 73, 140),
(90, 1, 73, 77),
(91, 1, 71, 4),
(92, 1, 71, 2),
(93, 1, 73, 17),
(93, 2, 73, 151),
(94, 1, 96, 544),
(95, 1, 96, 544),
(96, 1, 71, 18),
(97, 1, 73, 36);

--
-- Contraintes pour les tables exportées
--

--
-- Contraintes pour la table `prescriptionreglassoc`
--
ALTER TABLE `prescriptionreglassoc`
  ADD CONSTRAINT `fk_prescriptionreglassoc_prescriptionregl1` FOREIGN KEY (`ID_PRESCRIPTIONREGL`) REFERENCES `prescriptionregl` (`ID_PRESCRIPTIONREGL`) ON DELETE CASCADE ON UPDATE CASCADE;

/*!40101 SET CHARACTER_SET_CLIENT=@OLD_CHARACTER_SET_CLIENT */;
/*!40101 SET CHARACTER_SET_RESULTS=@OLD_CHARACTER_SET_RESULTS */;
/*!40101 SET COLLATION_CONNECTION=@OLD_COLLATION_CONNECTION */;
